序號,Magic 名稱,Public 名稱,實體名稱,資料來源,種類,欄位數,產生 DDL
1,0.員工資料檔,0.員工資料檔,FIL0010,Default,Table,57,Y
2,0.簽核類別設定,0.簽核類別設定,FIL0010A,Default,Table,3,Y
3,0.廠客資料檔,0.廠客資料檔,FIL0011,Default,Table,142,Y
4,0.品號資料檔,0.產品資料檔,FIL0012,Default,Table,74,Y
5,0.廠別資料檔,0.廠別資料檔,FIL0013,Default,Table,8,Y
6,0.廠客其它聯絡人,0.廠客其它聯絡人,FIL0014,Default,Table,9,Y
7,0.廠客送貨地址,0.廠客送貨地址,FIL0015,Default,Table,5,Y
8,0.請假資料檔,0.請假資料檔,FIL0016,Default,Table,17,Y
9,0.單位換算檔,0.單位換算檔,FIL0017,Default,Table,6,Y
10,0.科目代碼檔,0.科目代碼檔,FIL0018,Default,Table,8,Y
11,0.採購單價檔,0.採購單價檔,FIL0019,Default,Table,14,Y
12,0.部門資料檔,0.部門資料檔,FIL0020,Default,Table,12,Y
13,0.銀行資料檔,0.銀行資料檔,FIL0021,Default,Table,12,Y
14,0.匯率資料檔,0.匯率資料檔,FIL0022,Default,Table,16,Y
15,0.費用項目檔,0.費用項目檔,FIL0023,Default,Table,12,Y
16,0.員工製程檔,0.員工製程檔,FIL0024,Default,Table,14,Y
17,0.班別代碼檔,0.班別代碼檔,FIL0025,Default,Table,8,Y
18,0.異動單主檔,0.異動單主檔,FIL0030,Default,Table,36,Y
19,0.特殊欄位主檔,0.特殊欄位主檔,FIL0031,Default,Table,85,Y
20,0.產品條件主檔,0.產品條件主檔,FIL0032,Default,Table,126,Y
21,0.產品條件副檔一,0.產品條件副檔一,FIL0033,Default,Table,79,Y
22,0.製袋箱號,0.製袋箱號,FIL0033A,Default,Table,6,Y
23,0.成捲箱號,0.成捲箱號,FIL0033B,Default,Table,6,Y
24,0.產品條件製程檔,0.產品條件製程檔,FIL0033C,Default,Table,14,Y
25,0.產品條件材料,0.產品條件材料,FIL0034,Default,Table,22,Y
26,0.產品條件變更,0.產品條件變更,FIL0035,Default,Table,50,Y
27,0.製稿工作指示,0.製稿工作指示,FIL0036,Default,Table,78,Y
28,0.備註副檔二,0.產品條件副檔,FIL0037,Default,Table,16,Y
29,0.行事曆說明,0.行事曆說明,FIL0037A,Default,Table,7,Y
30,0.客戶看色記錄,0.客戶看色記錄,FIL0037B,Default,Table,9,Y
31,0.其它說明主檔,0.其它說明主檔,FIL0038,Default,Table,10,Y
32,0.產品條件製程,0.產品條件製程,FIL0039,Default,Table,26,Y
33,0.產品條件產編,0.產品條件產編,FIL003A,Default,Table,4,Y
34,0.產品條件半成品編碼,0.產品條件半成品編碼,FIL003A1,Default,Table,7,Y
35,0.產品條件共用製令,0.產品條件共用製令,FIL003A2,Default,Table,4,Y
36,0.產品條件客戶要求,0.產品條件客戶要求,FIL003A3,Default,Table,7,Y
37,0.產品條件製程用料,0.產品條件製程用料,FIL003B,Default,Table,10,Y
38,0.產品條件共版,0.產品條件共版,FIL003C,Default,Table,8,Y
39,0.產品條件送貨地址,0.產品條件送貨地址,FIL003D,Default,Table,8,Y
40,0.成品檢驗記錄表/出廠檢驗報告,0.成品檢驗記錄表,FIL003E,Default,Table,86,Y
41,0.產品條件標籤,0.產品條件標籤,FIL003F,Default,Table,67,Y
42,0.產品裁切標籤,0.產品裁切標籤,FIL003F1,Default,Table,43,Y
43,0.製袋線上巡檢記錄表,0.製袋線上巡檢記錄表,FIL003G,Default,Table,55,Y
44,0.氣閥鐵條線上巡檢表,0.氣閥鐵條線上巡檢表,FIL003H,Default,Table,13,Y
45,0.估價單主檔,0.估價單主檔,FIL003I,Default,Table,145,Y
46,0.估價單主檔合計,0.估價單主檔合計,FIL003I,Default,View,8,N
47,0.估價單袋型,0.估價單袋型,FIL003J,Default,Table,8,Y
48,0.估價單燙金,0.估價單燙金,FIL003J1,Default,Table,16,Y
49,0.客訴單主檔,0.客訴單主檔,FIL003K1,Default,Table,22,Y
50,0.品質異常單主檔,0.品質異常單主檔,FIL003L1,Default,Table,26,Y
51,0.銷退處理記錄表主檔,0.銷退處理記錄表主檔,FIL003M1,Default,Table,17,Y
52,0.特採申請單主檔,0.特採申請單主檔,FIL003N1,Default,Table,18,Y
53,0.生產日報附加欄位,0.生產日報附加欄位,FIL003O,Default,Table,4,Y
54,0.報價條文,0.報價條文,FIL003P,Default,Table,7,Y
55,0.異動單明細,0.異動單明細,FIL0040,Default,Table,60,Y
56,0.異動單明細中繼檔,0.異動單明細中繼檔,FIL0040_A,Default,Table,54,Y
57,0.異動單刪除註記,0.異動單刪除註記,FIL0040_B,Default,Table,7,Y
58,0.異動單切分,0.異動單切分,FIL00401,Default,Table,28,Y
59,0.特殊欄位明細,0.特殊欄位明細,FIL0041,Default,Table,81,Y
60,0.特殊欄位明細中繼檔,0.特殊欄位明細中繼檔,FIL0041_A,Default,Table,77,Y
61,0.熟成室管制表,0.熟成室管制表,FIL0041_B,Default,Table,18,Y
62,0.冷鏈室管制表,0.冷鏈室管制表,FIL0041_BA,Default,Table,18,Y
63,0.費用明細檔,0.費用明細檔,FIL0042,Default,Table,14,Y
64,0.條碼管理檔,0.條碼管理檔,FIL0043,Default,Table,31,Y
65,0.條碼異動檔,0.條碼異動檔,FIL0044,Default,Table,18,Y
66,0.條碼列印記錄,0.條碼列印記錄,FIL0044A,Default,Table,11,Y
67,0.總標籤位置,0.總標籤位置,FIL0044B,Default,Table,2,Y
68,xx0.半成品領用,,FIL0045,Default,Table,8,Y
69,xx0.油墨領用檔,,FIL0046,Default,Table,10,Y
70,0.加熱器名稱,0.加熱器名稱,FIL0047,Default,Table,8,Y
71,0.加熱器溫度,0.加熱器溫度,FIL0048,Default,Table,9,Y
72,0.自主檢查檔,0.自主檢查檔,FIL0049,Default,Table,22,Y
73,0.標籤列印記錄,0.標籤列印記錄,FIL004A,Default,Table,18,Y
74,0.製成品屬性,0.製成品屬性,FIL004B,Default,Table,10,Y
75,0.檢驗水準,0.檢驗水準,FIL004C,Default,Table,4,Y
76,0.版銅入庫檔,0.版銅入庫檔,FIL004D,Default,Table,14,Y
77,0.版銅異動檔,0.版銅異動檔,FIL004E,Default,Table,7,Y
78,0.裁切OPRP檢查,0.裁切OPRP檢查,FIL004F,Default,Table,14,Y
79,0.報價對應估價明細,0.報價對應估價明細,FIL004G,Default,Table,25,Y
80,0.成品批號庫存,0.成品批號庫存,FIL004H,Default,Table,17,Y
81,0.積層CCP檢查,0.積層CCP檢查,FIL004I,Default,Table,30,Y
82,0.熟成室管制歷履,0.熟成室管制歷履,FIL004J,Default,Table,43,Y
83,0.冷鏈室管制歷履,0.冷鏈室管制歷履,FIL004JA,Default,Table,43,Y
84,0.熟成室其它製程轉入,0.熟成室其它製程轉入,FIL004K,Default,Table,42,Y
85,0.冷鏈室其它製程轉入,0.冷鏈室其它製程轉入,FIL004KA,Default,Table,42,Y
86,0.製程批號異動明細,0.製程批號異動明細,FIL004L,Default,Table,20,Y
87,0.原物料異動明細(批號),0.原物料異動明細,FIL004M,Default,Table,12,Y
88,0.原物料異動明細,0.原物料異動明細1,FIL004N,Default,Table,12,Y
89,0.客供品異動明細,0.客供品異動明細,FIL004O,Default,Table,12,Y
90,0.單據編號檔,0.單據編號檔,FIL0050,Default,Table,3,Y
91,0.臨時單號檔,0.臨時單號檔,FIL0051,Default,Table,3,Y
92,0.表單確認檔,0.表單確認檔,FIL0060,Default,Table,4,Y
93,0.表單送簽檔,0.表單送簽檔,FIL0070,Default,Table,5,Y
94,0.表單簽核檔,0.表單簽核檔,FIL0080,Default,Table,6,Y
95,0.相片資料檔,0.相片資料檔,FIL0090,Default,Table,6,Y
96,0.相片明細檔,0.相片明細檔,FIL0100,Default,Table,8,Y
97,0.相片上傳檔案,0.相片上傳檔案,FIL0110,Log,Table,3,N
98,0.資料匯入暫存,0.資料匯入暫存,FIL0120,Default,Table,26,Y
100,1.功能表選單,1.功能表選單,FIL1000,Default,Table,17,Y
101,1.外部合併檔,1.外部合併檔,FIL1001,Default,Table,5,Y
102,1.發佈新聞檔,1.發佈新聞檔,FIL1002,Default,Table,9,Y
103,1.工作記錄檔,1.工作記錄檔,FIL1003,Default,Table,7,Y
104,1.登入記錄檔,1.登入記錄檔,FIL1004,Default,Table,7,Y
105,1.使用者角色,1.使用者角色,FIL1005,Default,Table,5,Y
106,1.系統使用記錄,1.系統使用記錄,FIL1006,Default,Table,8,Y
107,1.使用者權限,1.使用者權限,FIL1007,Default,Table,9,Y
108,1.特殊權限檔,1.特殊權限檔,FIL1008,Default,Table,2,Y
109,1.簽核發送檔,1.簽核發送檔,FIL1009,Default,Table,13,Y
110,1.簽核流程檔,1.簽核流程檔,FIL1010,Default,Table,11,Y
111,1.簽核附件檔,1.簽核附件檔,FIL1011,Default,Table,17,Y
112,1.簽核組別檔,1.簽核組別檔,FIL1012,Default,Table,6,Y
113,1.簽核人員檔,1.簽核人員檔,FIL1013,Default,Table,11,Y
114,1.系統代碼檔,1.系統代碼檔,FIL1014,Default,Table,35,Y
115,1.系統代碼檔明細,1.系統代碼檔明細,FIL1014A,Default,Table,18,Y
116,1.月曆資料檔,1.月曆資料檔,FIL1016,Default,Table,24,Y
117,1.通知記錄檔,1.通知記錄檔,FIL1017,Default,Table,13,Y
118,1.修改記錄檔,1.修改記錄檔,FIL1018,Default,Table,8,Y
119,1.工作行事曆,1.工作行事曆,FIL1019,Default,Table,33,Y
120,1.通知記錄檔(外部),1.通知記錄檔(外部),FIL1020,Default,Table,9,Y
121,1.ISO編號對照,1.ISO編號對照,FIL1021,Default,Table,7,Y
122,1.ISO編號變更明細,1.ISO編號變更明細,FIL1022,Default,Table,7,Y
123,1.製程成本月彙總,1.製程成本月彙總,FIL1051,Default,Table,6,Y
125,2.字詞對照檔,2.字詞對照檔,FIL2001,Default,Table,4,Y
127,3.機台.管制,3.機台.管制,FIL3009,Default,Table,7,Y
128,3.機台.管制歷史,3.機台.管制歷史,FIL3009H,Default,Table,8,Y
129,3.機台.IOT訊息(限用log),3.機台.IOT訊息,FIL300A,Log,Table,7,N
130,3.機台.PLCData,3.機台.PLCData,FIL300B_%LogID%,Log,Table,13,N
131,3.機台.PLCDataOracle,3.機台.PLCDataOracle,FIL300B,Default,Table,17,Y
132,3.機台.PLCDataCode,3.機台.PLCDataCode,FIL300C,Default,Table,15,Y
133,3.機台.IOT.日報設備電力,IOT.日報設備電力,EnergyData,PowerIOT,Table,22,N
134,3.機台.裁切PLC_DATA,裁切PLC_DATA,Table_1,V908_DATA_01,Table,26,N
135,3.機台.裁切PLC_ERROR,裁切PLC_ERROR,Table_1,V908_ERR_01,Table,17,N
136,3.機台.裁切PLC_PRODUCT,裁切PLC_PRODUCT,Table_1,V908_PRODUCT_01,Table,17,N
137,3.機台.裁切PLC_DATA_Oracle,裁切PLC_DATA_Oracle,FIL300D,Default,Table,27,Y
138,3.機台.拉力機封口測試記錄表,3.機台.拉力機封口測試記錄表,FIL3011,Default,Table,20,Y
139,3.機台.溶濟殘留異味測試記錄表,3.機台.溶濟殘留異味測試記錄表,FIL3012,Default,Table,16,Y
140,3.機台.摩擦係數測定檢測記錄表,3.機台.摩擦係數測定檢測記錄表,FIL3013,Default,Table,24,Y
141,4.機台.原料測試記錄表,4.機台.原料測試記錄表,FIL3014,Default,Table,59,Y
143,4.網站.詢價,4.網站.詢價,FIL4001,Default,Table,55,Y
144,4.材料.報價,4.材料.報價,FIL4002,Default,Table,4,Y
145,4.璿揚ARInvAdd,4.璿揚ARInvAdd,FIL4003,Default,Table,21,Y
147,5..材料月批號庫存(分倉),5..材料月批號庫存(分倉),FIL5001,Default,Table,5,Y
148,5..材料月批號庫存(不分倉),5..材料月批號庫存(不分倉),FIL5002,Default,Table,4,Y
150,==簽核系統,,==簽核系統,SQLite Database,Table,1,N
151,A01單據屬性,A01.單據屬性,A01,Default,Table,32,Y
152,A30群組資料,A30.群組資料,A30,Default,Table,10,Y
153,A40職稱資料,A40.職稱資料,A40,Default,Table,6,Y
154,A50公司資料,A50.公司資料,A50,Default,Table,7,Y
155,A06代理人,A06 代理人,A60_7,Default,Table,5,Y
156,A60管轄部門,A60_8.管轄部門,A60_8,Default,Table,8,Y
157,ViewOfFlowType,A20_8.簽核類別,ViewOfFlowType,Default,View,4,N
159,卡鐘匯入資料,HR.卡鐘匯入資料,DTFIL001,Default,Table,18,Y
160,卡鐘匯入資料二,HR.卡鐘匯入資料二,DTFIL002,Default,Table,18,Y
162,View.功能表選單(RI),View.功能表選單,ViewFIL0010,Default,View,25,N
163,View.公司代碼檔(RI),View.公司代碼檔,ViewFIL0011,Default,View,9,N
164,View.部門代碼檔(RI),View.部門代碼檔,ViewFIL0012,Default,View,17,N
165,View.部門廠商檔,View.部門廠商檔,ViewFIL0012014,Default,View,4,N
166,View.通知記錄檔,View.通知記錄檔,ViewFIL0013,Default,View,15,N
167,View.修改記錄檔,View.修改記錄檔,ViewFIL0014,Default,View,9,N
168,View.使用記錄檔,View.使用記錄檔,ViewFIL0015,Default,View,6,N
169,View.單據類別檔(RI),View.單據類別檔,ViewFIL0020,Default,View,20,N
170,View.簽核狀態檔,View.簽核狀態檔,ViewFIL0030,Default,View,15,N
171,View.簽核發送檔,View.簽核發送檔,ViewFIL0040,Default,View,23,N
172,View.簽核流程檔,View.簽核流程檔,ViewFIL0050,Default,View,15,N
173,View.簽核附件檔,View.簽核附件檔,ViewFIL0051,Default,View,19,N
174,View.附件查詢檔,View.附件查詢檔,ViewFIL0052,Default,View,18,N
175,View.附件依年度,View.附件依年度,ViewFIL0053,Default,View,7,N
176,View.簽核附件大小,View.簽核附件大小,ViewFIL0054,Default,View,4,N
177,View.備註附檔二筆數,View.備註附檔二筆數,ViewFIL0055,Default,View,5,N
178,View.簽核人員檔,View.簽核人員檔,ViewFIL0081,Default,View,13,N
179,ViewOfIMNotEnd,View.;即時訊息未結,ViewOfIMNotEnd,Default,View,3,N
180,View.貿易條件,View.貿易條件,ViewFIL3101,Default,View,7,N
181,View.幣別代碼,View.幣別代碼,ViewFIL3102,Default,View,7,N
182,View.單位代碼(RI),View.單位代碼,ViewFIL3103,Default,View,10,N
183,View.發票類別,View.發票類別,ViewFIL3104,Default,View,7,N
184,View.職稱代碼,View.職稱代碼,ViewFIL3105,Default,View,10,N
185,View.庫別代碼,View.庫別代碼,ViewFIL3106,Default,View,14,N
186,View.付款條件,View.付款條件,ViewFIL3107,Default,View,7,N
187,View.收款條件,View.收款條件,ViewFIL3108,Default,View,7,N
188,View.油墨種類,View.油墨種類,ViewFIL3109,Default,View,7,N
189,View.印刷色順,View.印刷色順,ViewFIL310A,Default,View,7,N
190,View.物料大類,View.物料大類,ViewFIL310B,Default,View,8,N
191,View.包裝方式,View.包裝方式,ViewFIL310C,Default,View,7,N
192,View.製袋型態,View.製袋型態,ViewFIL310D,Default,View,8,N
193,View.稅別代碼,View.稅別代碼,ViewFIL310E,Default,View,7,N
194,View.區域代號,View.區域代號,ViewFIL310F,Default,View,7,N
195,View.國別代號,View.國別代號,ViewFIL310G,Default,View,7,N
196,View.廠商分類,View.廠商分類,ViewFIL310H,Default,View,7,N
197,View.客戶型態,View.客戶型態,ViewFIL310I,Default,View,7,N
198,View.廠牌代碼,View.廠牌代碼,ViewFIL310J,Default,View,7,N
199,View.溫度區間,View.溫度區間,ViewFIL310K,Default,View,8,N
200,View.時間區間,View.時間區間,ViewFIL310L,Default,View,8,N
201,View.壓紋類別,View.壓紋類別,ViewFIL310M,Default,View,7,N
202,View.製程+單據代碼(RD),View.製程代碼,ViewFIL310N,Default,View,14,N
203,View.工站代碼(RD),View.工站代碼,ViewFIL310O,Default,View,12,N
204,View.機台代碼,View.機台代碼,ViewFIL310P,Default,View,24,N
205,View.工站機台(RD),View.工站機台,ViewFIL310Q,Default,View,4,N
206,View.倉別代碼,View.倉別代碼,ViewFIL310R,Default,View,10,N
207,View.製袋大類,View.製袋大類,ViewFIL310S,Default,View,7,N
208,View.工作代碼,View.工作代碼,ViewFIL310T,Default,View,7,N
209,View.常用語句,View.常用語句,ViewFIL310U,Default,View,6,N
210,View.報價語句,View.報價語句,ViewFIL310UA,Default,View,6,N
211,View.報價條文,View.報價條文,ViewFIL310UB,Default,View,8,N
212,View.採購條文,View.採購條文,ViewFIL310UC,Default,View,8,N
213,View.外箱標示,View.外箱標示,ViewFIL310V,Default,View,6,N
214,View.不良原因,View.不良原因,ViewFIL310W,Default,View,6,N
215,View.客戶要求,View.客戶要求,ViewFIL310WA,Default,View,6,N
216,View.裁切方向,View.裁切方向,ViewFIL310X,Default,View,7,N
217,View.標籤機(RD),View.標籤機,ViewFIL310Y,Default,View,21,N
218,View.材質溫度,View.材質溫度,ViewFIL310Z,Default,View,7,N
219,View.運送方式,View.運送方式,ViewFIL3111,Default,View,7,N
220,View.版銅代碼,View.版銅代碼,ViewFIL3112,Default,View,30,N
221,View.IOT設備,View.IOT設備,ViewFIL3113,Default,View,8,N
222,View.品質異常大類,View.品質異常大類,ViewFIL3114,Default,View,6,N
223,View.品質異常原因,View.品質異常原因,ViewFIL3115,Default,View,6,N
224,View.袋型,View.袋型,ViewFIL3116,Default,View,13,N
225,View.材料進貨類別,View.材料進貨類別,ViewFIL3117,Default,View,12,N
226,View.估價單參數,View.估價單參數,ViewFIL3118,Default,View,10,N
227,View.燙金顏色,View.燙金顏色,ViewFIL3119,Default,View,8,N
228,View.排程語句,View.排程語句,ViewFIL3120,Default,View,6,N
229,View.裁切標籤類別,View.裁切標籤類別,ViewFIL3121,Default,View,8,N
230,View.製程語句,View.製程語句,ViewFIL3122,Default,View,7,N
231,View.檢驗原料,View.檢驗原料,ViewFIL3123,Default,View,7,N
232,View.檢驗廠商,View.檢驗廠商,ViewFIL3124,Default,View,7,N
233,View.調整類別,View.調整類別,ViewFIL3125,Default,View,7,N
234,View.盤差原因,View.盤差原因,ViewFIL3126,Default,View,7,N
235,View.材料入庫原因,View.材料入庫原因,ViewFIL3127,Default,View,7,N
236,View.印製後裁修,View.印製後裁修,ViewFIL3128,Default,View,11,N
238,View.假別代碼,View.假別代碼,ViewFIL3801,Default,View,16,N
239,View.工作內容,View.工作內容,ViewFIL3802,Default,View,6,N
240,View.假日設定,View.假日設定,ViewFIL3803,Default,View,9,N
241,View.公司行事曆,View.公司行事曆,ViewFIL3804,Default,View,3,N
242,View.日期清單,View.日期清單,ViewFIL3805,Default,View,5,N
243,View.照片檔案合計,View.照片檔案合計,ViewFIL3806,Default,View,2,N
244,View.產品照片大小合計,View.產品照片大小合計,ViewFIL3806A,Default,View,2,N
246,View.員工資料檔,View.員工資料檔,ViewFIL1010,Default,View,39,N
247,View.品號資料檔,View.品號資料檔,ViewFIL1012,Default,View,91,N
248,View.廠別資料檔,View.廠別資料檔,ViewFIL1013,Default,View,10,N
249,View.廠商資料檔,View.廠商資料檔,ViewFIL1014,Default,View,100,N
250,View.客戶資料檔,View.客戶資料檔,ViewFIL1015,Default,View,139,N
251,View.廠客聯絡人,View.廠客聯絡人,ViewFIL1015a,Default,View,8,N
252,View.請假資料檔,View.請假資料檔,ViewFIL1016,Default,View,19,N
253,View.單位換算檔,View.單位換算檔,ViewFIL1017,Default,View,10,N
254,View.科目代碼檔,View.科目代碼檔,ViewFIL1018,Default,View,10,N
255,View.採購單價檔,View.採購單價檔,ViewFIL1019,Default,View,22,N
256,View.銀行資料檔,View.銀行資料檔,ViewFIL1021,Default,View,13,N
257,View.匯率資料檔,View.匯率資料檔,ViewFIL1022,Default,View,18,N
258,View.月平均匯率,View.月平均匯率,ViewFIL1022a,Default,View,6,N
259,View.費用項目檔,View.費用項目檔,ViewFIL1023,Default,View,16,N
260,View.條碼管理檔,View.條碼管理檔,ViewFIL1024,Default,View,41,N
261,View.條碼原料入出庫主檔,View.條碼原料入出庫主檔,ViewFIL1024a,Default,View,1,N
262,View.條碼異動履歷,View.條碼異動履歷,ViewFIL1024B,Default,View,9,N
263,View.條碼庫存數量,View.條碼庫存數量,ViewFIL1024C,Default,View,2,N
264,View.條碼簡檔,View.條碼簡檔,ViewFIL1024D,Default,View,24,N
265,View.條碼列印記錄,View.條碼列印記錄,ViewFIL1024E,Default,View,14,N
266,View.條碼發料暫存,View.條碼發料暫存,ViewFIL1024F,Default,View,3,N
267,View.條碼日報回庫,View.條碼日報回庫,ViewFIL1024G,Default,View,3,N
268,View.料號B管制表,View.料號B管制表,ViewFIL1024I,Default,View,10,N
269,View.條碼列印批號,View.條碼列印批號,ViewFIL1024J,Default,View,4,N
270,View.條碼收料,View.條碼收料,ViewFIL1024K,Default,View,7,N
271,View.條碼油墨簡檔,View.條碼油墨簡檔,ViewFIL1024L,Default,View,19,N
272,View.加熱器名稱,View.加熱器名稱,ViewFIL1025,Default,View,11,N
273,View.版銅入庫檔,View.版銅入庫檔,ViewFIL1026,Default,View,14,N
274,View.版銅履歷檔,View.版銅履歷檔,ViewFIL1027,Default,View,17,N
275,View.版銅最近取版日,View.版銅最近取版日,ViewFIL1027A,Default,View,2,N
276,View.版銅庫存資料,View.版銅庫存資料,ViewFIL1027B,Default,View,8,N
277,View.版銅最後狀態,View.版銅最後狀態,ViewFIL1027C,Default,View,10,N
279,View.異動單主檔,View.異動單主檔,ViewFIL2010,Default,View,43,N
280,View.異動單主檔_A,View.異動單主檔_A,ViewFIL2010_A,Default,View,5,N
281,View.異動單主檔_B,View.異動單主檔_B,ViewFIL2010_B,Default,View,7,N
282,View.異動單最後序號,View.異動單最後序號,ViewFIL2011,Default,View,3,N
283,View.產品異動數,View.產品異動數,ViewFIL2021,Default,View,13,N
284,View.材料異動數,View.材料異動數,ViewFIL2022,Default,View,21,N
285,View.材料異動數(填表日),View.材料異動數(填表日),ViewFIL2022A,Default,View,7,N
286,View.紙箱異動數,View.紙箱異動數,ViewFIL2022C,Default,View,21,N
287,View.類別序號檔(Desc),View.類別序號檔(Desc),ViewFIL2023,Default,View,6,N
288,View.異動單合計,View.異動單合計,ViewFIL2030,Default,View,10,N
289,View.異動單內容,View.異動單內容,ViewFIL2040,Default,View,3,N
290,View.費用明細檔,View.費用明細檔,ViewFIL2050,Default,View,17,N
291,View.費用合計檔,View.費用合計檔,ViewFIL2051,Default,View,5,N
292,View.裁切半成品異動數,View.裁切異動數,ViewFIL2061,Default,View,11,N
293,View.裁切半成品品名檔,View.裁切品名檔,ViewFIL2061M,Default,View,6,N
294,View.裁切半成品合計數,View.裁切合計數,ViewFIL2062,Default,View,7,N
295,View.包裝異動數,View.包裝異動數,ViewFIL2063,Default,View,8,N
296,View.製令裁切數,View.製令裁切數,ViewFIL2064,Default,View,2,N
297,View.製令包裝數,View.製令包裝數,ViewFIL2065,Default,View,2,N
298,View.印檢合計數,View.檢品合計數,ViewFIL2066,Default,View,12,N
299,View.印檢製令合計數,View.檢品製令合計數,ViewFIL2067,Default,View,19,N
300,View.裁檢合計數,View.裁檢合計數,ViewFIL2068,Default,View,12,N
301,View.裁檢製令合計數,View.裁檢製令合計數,ViewFIL2069,Default,View,17,N
302,View.前製程半成品庫存,View.前製程半成品庫存,ViewFIL2070,Default,View,8,N
303,View.前製程半成品庫存無製程,View.前製程半成品庫存無製程,ViewFIL2070B,Default,View,5,N
304,View.前製程庫存明細,View.前製程庫存明細,ViewFIL2071,Default,View,16,N
305,View.前製程條碼明細,View.前製程半成品編號,ViewFIL2072,Default,View,12,N
306,View.前製程條碼庫存,View.前製程條碼庫存,ViewFIL2073,Default,View,3,N
307,View.異動單主檔備註,View.異動單主檔備註,ViewFIL2074,Default,View,3,N
309,View.估價單主檔.B01,View.估價單主檔.B01,ViewFIL4001,Default,View,42,N
310,View.估價袋型合計,View.估價袋型合計,ViewFIL4002,Default,View,4,N
311,View.估價燙金費,View.估價燙金費,ViewFIL4003,Default,View,8,N
312,View.估價單明細,View.估價單明細,ViewFIL4004,Default,View,26,N
313,View.報價單主檔.B11,View.報價單主檔,ViewFIL4010,Default,View,75,N
314,View.報價單明細,View.報價單明細,ViewFIL4011,Default,View,35,N
315,View.報價單平均,,ViewFIL4012,Default,View,3,N
316,View.報價單合計,View.報價單合計,ViewFIL401A,Default,View,13,N
317,View.報價明細選擇表,View.報價明細選擇表,ViewFIL401B,Default,View,18,N
318,View.工作指示.B21,View.工作指示,ViewFIL403A,Default,View,25,N
319,View.工作指示.用料明細,View.工作指示.用料明細,ViewFIL403A1,Default,View,7,N
320,View.工作指示.用料,View.工作指示.用料,ViewFIL403B,Default,View,7,N
321,View.客戶訂單主檔.B31,View.客戶訂單主檔,ViewFIL4020,Default,View,56,N
322,View.客戶訂單明細,View.客戶訂單明細,ViewFIL4021,Default,View,44,N
323,View.客戶訂單合計,View.客戶訂單合計,ViewFIL402A,Default,View,12,N
324,View.報價訂單合計,View.報價訂單合計,ViewFIL402B,Default,View,8,N
325,View.客戶訂單履歷,View.客戶訂單履歷,ViewFIL402C,Default,View,9,N
326,View.客戶訂單回簽及佐證,View.客戶訂單回簽及佐證,ViewFIL402D,Default,View,18,N
327,View.訂單明細選擇表,View.訂單明細選擇表,ViewFIL402E,Default,View,21,N
328,View.送貨單主檔.B42,View.送貨單主檔.B42,ViewFIL402F,Default,View,58,N
329,View.送貨單明細,View.送貨單明細,ViewFIL402G,Default,View,43,N
330,View.送貨單發貨數,View.送貨單發貨數,ViewFIL402G1,Default,View,4,N
331,View.送貨單合計,View.送貨單合計,ViewFIL402H,Default,View,12,N
332,View.退貨單主檔.B51,View.退貨單主檔.B51,ViewFIL402I,Default,View,56,N
333,View.退貨單明細,View.退貨單明細,ViewFIL402J,Default,View,42,N
334,View.退貨單合計,View.退貨單合計,ViewFIL402K,Default,View,12,N
335,View.送貨寄庫主檔.B43,View.送貨寄庫主檔.B43,ViewFIL402L,Default,View,57,N
337,View.製令主檔(生產條件).C11,View.製令主檔,ViewFIL4030,Default,View,49,N
338,View.製令主檔(生產條件).C11_A,View.製令主檔_A,ViewFIL4030_A,Default,View,18,N
339,View.製令主檔(生產條件).C11_B,View.製令主檔_B,ViewFIL4030_B,Default,View,25,N
340,View.製令主檔(生產條件).C11舊,View.製令主檔.舊單,ViewFIL4030A,Default,View,41,N
341,View.製令色順,View.製令色順,ViewFIL4031,Default,View,5,N
342,View.製令加工別,View.製令加工別,ViewFIL4032,Default,View,6,N
343,View.製令膠水,View.製令膠水,ViewFIL4033,Default,View,4,N
344,View.製令變更.C21,View.製令變更,ViewFIL4034,Default,View,97,N
345,View.變更序號,View.變更序號,ViewFIL4035,Default,View,5,N
346,View.製造日期,View.製造日期,ViewFIL4036,Default,View,3,N
347,View.生產排程檔.C31,View.生產排程檔,ViewFIL4040,Default,View,69,N
348,View.生產排程彙總.C31,View.生產排程彙總,ViewFIL4040M,Default,View,8,N
349,View.生產排程檔S.C31,View.生產排程檔S,ViewFIL4040S,Default,View,12,N
350,View.製令每日機台排程數,View.製令每日機台排程數,ViewFIL4041,Default,View,6,N
351,View.製令製程排程數,View.製令製程排程數,ViewFIL4041A,Default,View,4,N
352,View.製令每日機台加工別排,View.製令每日機台加工別排,ViewFIL4041B,Default,View,7,N
353,View.製令製程加工別排程數,View.製令製程加工別排程數,ViewFIL4041C,Default,View,5,N
354,View.製令製程結構,View.製令製程結構,ViewFIL4042,Default,View,22,N
355,View.製令淋膜積層用料,View.製令淋膜積層用料,ViewFIL4043,Default,View,4,N
356,View.製令製程選項,View.製令製程選項,ViewFIL4044,Default,View,4,N
357,View.製令製程預排,View.製令製程預排,ViewFIL4045,Default,View,3,N
358,View.製令用料,View.製令用料,ViewFIL4046,Default,View,7,N
359,View.製令用料彙總,View.製令用料彙總,ViewFIL4047,Default,View,5,N
360,View.製令色順共版,View.製令色順共版,ViewFIL4048,Default,View,4,N
361,View.製令標籤,View.製令標籤,ViewFIL4048A,Default,View,6,N
362,View.製令標籤無氣閥無鐵條,View.製令標籤無氣閥無鐵條,ViewFIL4048A1,Default,View,8,N
363,View.製令標籤有氣閥,View.製令標籤有氣閥,ViewFIL4048A2,Default,View,8,N
364,View.製令標籤有鐵條,View.製令標籤有鐵條,ViewFIL4048A3,Default,View,8,N
365,View.製令標籤全部,View.製令標籤全部,ViewFIL4048A4,Default,View,20,N
366,View.製令單別最後標籤,View.製令單別最後標籤,ViewFIL4048A5,Default,View,5,N
367,View.製令製程最後標籤,View.製令製程最後標籤,ViewFIL4048A6,Default,View,3,N
368,View.製令有共版,View.製令有共版,ViewFIL4048AB,Default,View,1,N
369,View.製令相關產編,View.製令相關產編,ViewFIL4048AC,Default,View,2,N
370,View.製令用料清單,View.製令用料清單,ViewFIL4048AD,Default,View,6,N
371,View.裁切標籤,View.裁切標籤,ViewFIL4048B,Default,View,4,N
372,View.裁切標籤全部,View.裁切標籤全部,ViewFIL4048B1,Default,View,20,N
373,View.生產排程用料明細,View.生產排程用料明細,ViewFIL4049,Default,View,11,N
374,xxView.生產排程用料,View.生產排程用料,ViewFIL4049A,Default,View,31,N
375,View.印刷日報主檔.C41.C31A.0,View.印刷日報主檔,ViewFIL404A1,Default,View,74,N
376,View.印刷日報看色.C41.C31A,View.印刷日報看色,ViewFIL404A1A,Default,View,6,N
377,View.印刷日報成本.C41.C31B,View.印刷日報成本,ViewFIL404A1B,Default,View,12,N
378,View.印刷日報主檔.C41.C31C,View.印刷日報簡檔,ViewFIL404A1C,Default,View,8,N
379,View.印刷日報明細,View.印刷日報明細,ViewFIL404A2,Default,View,34,N
380,View.印刷日報明細計算結餘,View.印刷日報明細計算結餘,ViewFIL404A2A,Default,View,12,N
381,xxView.印刷日報油墨B,View.印刷日報油墨,ViewFIL404A3,Default,View,21,N
382,View.印刷油墨色順,View.印刷油墨色順,ViewFIL404A3,Default,View,24,N
383,View.印刷油墨領料,View.印刷油墨領料,ViewFIL404A3A,Default,View,5,N
384,View.上蠟日報主檔.C41.C32D,View.上蠟日報主檔,ViewFIL404A4,Default,View,49,N
385,View.上蠟日報明細,View.上蠟日報明細,ViewFIL404A5,Default,View,41,N
386,View.上蠟日報合計.C41.C32D,View.上蠟日報合計,ViewFIL404A5A,Default,View,11,N
387,View.版銅日報主檔.C41.C32E,View.版銅日報主檔,ViewFIL404A6,Default,View,25,N
388,View.版銅日報明細,View.版銅日報明細,ViewFIL404A7,Default,View,29,N
389,View.製令版銅日報,View.製令版銅日報,ViewFIL404A8,Default,View,9,N
390,View.版銅製令簽收,View.版銅製令簽收,ViewFIL404A9,Default,View,6,N
391,View.印刷日報合計,View.印刷日報合計,ViewFIL404AA,Default,View,11,N
392,View.印刷日報筆數,View.印刷日報筆數,ViewFIL404AB,Default,View,4,N
393,View.印刷前製耗用,View.印刷前製耗用,ViewFIL404AC,Default,View,10,N
394,ViewFIL404AD,,ViewFIL404AD,Default,View,12,N
395,  xxView.淋膜日報主檔.C41.C31B,,ViewFIL404B1,Default,View,68,N
396,  xxView.淋膜日報明細,,ViewFIL404B2,Default,View,29,N
397,  xxView.淋膜日報合計,,ViewFIL404BA,Default,View,4,N
398,View.淋膜日報主檔.C41.C31B,View.淋膜日報主檔,ViewFIL404B1,Default,View,80,N
399,View.淋膜日報主檔沿用,View.淋膜日報主檔沿用,ViewFIL404B1A,Default,View,6,N
400,View.淋膜日報明細,View.淋膜日報明細,ViewFIL404B2,Default,View,49,N
401,View.淋膜日報筆數,View.淋膜日報筆數,ViewFIL404B3,Default,View,4,N
402,View.淋膜日報合計,View.淋膜日報合計,ViewFIL404BA,Default,View,10,N
403,View.淋膜前製耗用,View.淋膜前製耗用,ViewFIL404BB,Default,View,10,N
404,View.積層日報主檔.C41.C31C,View.積層日報主檔,ViewFIL404C1,Default,View,81,N
405,View.積層日報主檔沿用,View.積層日報主檔沿用,ViewFIL404C1A,Default,View,6,N
406,View.積層日報明細,View.積層日報明細,ViewFIL404C2,Default,View,49,N
407,View.積層日報筆數,View.積層日報筆數,ViewFIL404C3,Default,View,4,N
408,xx View.積層熟成室管制(作廢),View.積層熟成室管制,ViewFIL404C4,Default,View,40,N
409,View.積層熟成室管制,View.積層熟成室管制_V1,ViewFIL404C4_V1,Default,View,44,N
410,View.積層冷鏈室管制,View.積層冷鏈室管制_V1,ViewFIL404C4A_V1,Default,View,44,N
411,View.積層已熟成,View.積層已熟成,ViewFIL404C4AA,Default,View,4,N
412,View.積層已冷鏈,View.積層已冷鏈,ViewFIL404C4AB,Default,View,4,N
413,View.積層熟成室簡表,View.積層熟成室簡表,ViewFIL404C5_V1,Default,View,17,N
414,View.積層冷鏈室簡表,View.積層冷鏈室簡表,ViewFIL404C5A_V1,Default,View,17,N
415,View.積層日報合計,View.積層日報合計,ViewFIL404CA,Default,View,10,N
416,View.積層前製耗用,View.積層前製耗用,ViewFIL404CB,Default,View,10,N
417,View.前製程每日機台生產數,View.前製程每日機台生產數,ViewFIL404CC,Default,View,7,N
418,View.前製程製令製程生產數,View.前製程製令製程生產數,ViewFIL404CD,Default,View,5,N
419,View.裁切日報主檔.C41.C31D,View.裁切日報主檔,ViewFIL404D1,Default,View,59,N
420,View.裁切日報明細,View.裁切日報明細,ViewFIL404D2,Default,View,35,N
421,View.裁切日報明細結餘,View.裁切日報明細結餘,ViewFIL404D3,Default,View,5,N
422,View.裁切日報合計,View.裁切日報合計,ViewFIL404DA,Default,View,16,N
423,View.裁切日報捲數,View.裁切日報捲數,ViewFIL404DB,Default,View,4,N
424,View.裁切日報彙總,View.裁切日報彙總,ViewFIL404DC,Default,View,3,N
425,View.裁切日報報廢,View.裁切日報報廢,ViewFIL404DD,Default,View,4,N
426,View.裁切製令彙總,View.裁切製令彙總,ViewFIL404DE,Default,View,2,N
427,View.製袋日報主檔.C41.C31E,View.製袋日報主檔,ViewFIL404E1,Default,View,87,N
428,View.製袋生產中製令,View.製袋生產中製令,ViewFIL404E1A,Default,View,2,N
429,View.製袋日報主檔(簡式),View.製袋日報主檔(簡式),ViewFIL404E1_B,Default,View,25,N
430,View.製袋製令箱數,View.製袋製令箱數,ViewFIL404E1_C,Default,View,4,N
431,View.製袋日報主檔(首頁),View.製袋日報主檔(首頁),ViewFIL404E1_D,Default,View,41,N
432,View.製袋日報明細,View.製袋日報明細,ViewFIL404E2,Default,View,59,N
433,View.製袋日報明細(簡式),View.製袋日報明細(簡式),ViewFIL404E2_A,Default,View,40,N
434,View.製袋日報箱號,View.製袋日報箱號,ViewFIL404E2_B,Default,View,3,N
435,View.製袋日報合計,View.製袋日報合計,ViewFIL404EA,Default,View,33,N
436,xxView.製袋作業人員,,ViewFIL404EB,Default,View,9,N
437,View.製袋作業人員,View.製袋作業人員,ViewFIL404EB,Default,View,18,N
438,View.製袋分析主檔,View.製袋分析主檔,ViewFIL404EC,Default,View,26,N
439,View.製袋分析明細,View.製袋分析明細,ViewFIL404ED,Default,View,10,N
440,View.製袋分析工時,View.製袋分析工時,ViewFIL404EE,Default,View,4,N
441,View.製袋自主檢查筆數,View.製袋自主檢查筆數,ViewFIL404EG,Default,View,3,N
442,View.氣閥日報主檔.C41.C31F,View.氣閥日報主檔,ViewFIL404F1,Default,View,44,N
443,View.氣閥日報明細,View.氣閥日報明細,ViewFIL404F2,Default,View,33,N
444,View.氣閥袋重明細,View.氣閥袋重明細,ViewFIL404F3,Default,View,6,N
445,View.氣閥報廢合計,View.氣閥報廢合計,ViewFIL404F4,Default,View,3,N
446,View.氣閥日報合計,View.氣閥日報合計,ViewFIL404FA,Default,View,10,N
447,View.氣閥分析主檔,View.氣閥分析主檔,ViewFIL404FB,Default,View,21,N
448,View.氣閥分析明細,View.氣閥分析明細,ViewFIL404FC,Default,View,10,N
449,View.氣閥分析合併,View.氣閥分析合併,ViewFIL404FD,Default,View,18,N
450,View.氣閥日報彙總,View.氣閥日報彙總,ViewFIL404FE,Default,View,3,N
451,View.鐵條日報主檔.C41.C31G,View.鐵條日報主檔,ViewFIL404G1,Default,View,44,N
452,View.鐵條日報明細,View.鐵條日報明細,ViewFIL404G2,Default,View,32,N
453,View.鐵條袋重明細,View.鐵條袋重明細,ViewFIL404G3,Default,View,6,N
454,View.鐵條日報合計,View.鐵條日報合計,ViewFIL404GA,Default,View,10,N
455,View.鐵條分析主檔,View.鐵條分析主檔,ViewFIL404GB,Default,View,21,N
456,View.鐵條分析明細,View.鐵條分析明細,ViewFIL404GC,Default,View,10,N
457,View.鐵條日報彙總,View.鐵條日報彙總,ViewFIL404GE,Default,View,3,N
458,View氣閥鐵條作業人員,View氣閥鐵條作業人員,ViewFIL404F_G,Default,View,12,N
459,View.印檢日報主檔.C41.C31H,View.檢品日報主檔,ViewFIL404H1,Default,View,30,N
460,View.印檢日報明細,View.檢品日報明細,ViewFIL404H2,Default,View,41,N
461,View.印檢製令日報,View.製令檢品日報,ViewFIL404H3,Default,View,13,N
462,View.裁檢日報主檔.C41.C31K,View.裁檢日報主檔,ViewFIL404I1,Default,View,30,N
463,View.裁檢日報明細,View.裁檢日報明細,ViewFIL404I2,Default,View,41,N
464,View.裁檢製令日報,View.製令裁檢日報,ViewFIL404I3,Default,View,13,N
465,View.成捲包裝日報主檔,View.成捲包裝日報主檔,ViewFIL404K1,Default,View,46,N
466,View.成捲包裝日報合計,View.成捲包裝日報合計,ViewFIL404K2,Default,View,6,N
467,View.成捲包裝細分,View.成捲包裝細分,ViewFIL404K3,Default,View,11,N
468,View.成捲製令最後箱號,View.成捲製令最後箱號,ViewFIL404K4,Default,View,3,N
469,View.成捲製令捲數,View.成捲製令捲數,ViewFIL404K5,Default,View,3,N
470,View.成捲製令箱號,View.成捲製令箱號,ViewFIL404K6,Default,View,3,N
471,View.成捲批號庫存,View.成捲批號庫存,ViewFIL404K7,Default,View,3,N
472,View.成捲製令庫存,View.成捲製令庫存,ViewFIL404K8,Default,View,2,N
473,View.製令送簽主檔,View.製令送簽主檔,ViewFIL404J1,Default,View,17,N
474,View.製程機台日報筆數,View.製程機台日報筆數,ViewFIL404Z1,Default,View,6,N
475,View.生產日報全部單號,View.生產日報全部單號,ViewFIL404Z2,Default,View,23,N
476,View.機台材料領用明細,View.機台材料領用明細,ViewFIL404Z3,Default,View,32,N
477,View.機台材料領用合計,View.機台材料領用合計,ViewFIL404Z4,Default,View,5,N
478,View.批號領用合計,View.批號領用合計,ViewFIL404Z5,Default,View,2,N
479,xxView.領用前製程編號檔,View.領用前製程編號檔,ViewFIL404Z6,Default,View,2,N
480,View.機台材料報廢明細,View.機台材料報廢明細,ViewFIL404Z7,Default,View,18,N
481,View.機台材料報廢合計,View.機台材料報廢合計,ViewFIL404Z8,Default,View,3,N
482,View.印刷油墨領用明細,View.印刷油墨領用明細,ViewFIL404Z9,Default,View,23,N
483,View.印刷油墨領用合計,View.印刷油墨領用合計,ViewFIL404ZA,Default,View,4,N
484,View.印刷批號領用耗用,View.印刷批號領用耗用,ViewFIL404ZB,Default,View,5,N
485,View.日報製令生產日期,View.日報製令生產日期,ViewFIL404ZC,Default,View,4,N
486,View.裁切製造日期,View.裁切製造日期,ViewFIL404ZD,Default,View,3,N
487,View.製令最後製造日,View.製令最後製造日期,ViewFIL404ZE,Default,View,3,N
488,View.箱號最後製造日,View.箱號最後製造日期,ViewFIL404ZE_A,Default,View,4,N
489,View.機台材料別彙總,View.機台材料別彙總,ViewFIL404ZF,Default,View,6,N
490,View.機台主檔別彙總,View.機台主檔別彙總,ViewFIL404ZF_A,Default,View,8,N
491,View.製程半成品退庫明細,View.製程半成品退庫明細,ViewFIL404ZG,Default,View,22,N
492,View.製程半成品退庫合計,View.製程半成品退庫合計,ViewFIL404ZH,Default,View,3,N
493,View.製令起迄耗時,View.製令起迄耗時,ViewFil404ZI,Default,View,10,N
494,View.製令起迄耗時彙總,View.製令起迄耗時彙總,ViewFil404ZJ,Default,View,6,N
495,View.製令製程備註,View.製令製程備註,ViewFil404ZN,Default,View,11,N
496,View.製令日報人員費用,View.製令日報人員費用,ViewFIL404ZO,Default,View,8,N
497,View.製令日報費用,View.製令日報費用,ViewFIL404ZP,Default,View,6,N
498,View.製令日報入庫數,View.製令日報入庫數,ViewFIL404ZQ,Default,View,3,N
499,View.成品總標籤明細,View.成品總標籤明細,ViewFil404ZR,Default,View,9,N
500,View.成品總標籤,View.成品總標籤,ViewFil404ZS,Default,View,3,N
501,View.原物料請領主檔.C4L,View.原物料請領主檔,ViewFIL4050,Default,View,30,N
502,View.原物料請領明細,View.原物料請領明細,ViewFIL4051,Default,View,16,N
503,View.原物料請領合計,View.原物料請領合計,ViewFIL405A,Default,View,3,N
504,View.原物料請領製令合計,View.原物料請領製令合計,ViewFIL405B,Default,View,8,N
505,View.原物料領料主檔.C4M,View.原物料領料主檔,ViewFIL4060,Default,View,29,N
506,View.原物料領料明細,View.原物料領料明細,ViewFIL4061,Default,View,23,N
507,View.原物料領料合計,View.原物料領料合計,ViewFIL406A,Default,View,3,N
508,View.請領發料合計,View.請領發料合計,ViewFIL408B,Default,View,18,N
509,View.請領單發料數,View.請領單發料數,ViewFIL408C,Default,View,4,N
513,View.成品異動明細,View.成品異動明細,ViewFIL404E3,Default,View,29,N
514,View.成品異動明細S,View.成品異動明細S,ViewFIL404E3_S,Default,View,15,N
515,View.成品異動明細S1,View.成品異動品檢前明細,ViewFIL404E3_S1,Default,View,15,N
516,View.成品箱號對照S3,View.成品箱號對照S3,ViewFIL404E3_S3,Default,View,9,N
517,View.成品異動明細S4,View.成品異動明細S4,ViewFIL404E3_S4,Default,View,16,N
518,View.成品異動明細S5,View.成品異動明細S5,ViewFIL404E3_S5,Default,View,6,N
519,View.成品最後箱號,View.成品箱號(一年內),ViewFIL404E3_S6,Default,View,2,N
520,View.成品異動合計,View.成品異動合計,ViewFIL404E4,Default,View,12,N
521,View.成品製程狀態,View.成品製程狀態,ViewFIL404E4_S,Default,View,8,N
522,View.成品異動品檢前合計,View.成品異動品檢前合計,ViewFIL404E4_S1,Default,View,12,N
523,View.成品數量合計,View.成品數量合計,ViewFIL404E4_T,Default,View,4,N
524,View.成品結存數,View.成品結存數,ViewFIL404E4_T1,Default,View,2,N
525,View.成品庫存合計,View.成品庫存合計,ViewFIL404E4_T7,Default,View,3,N
526,View.成品批號,View.成品批號,ViewFIL404E4_T8,Default,View,1,N
527,View.成品製令合計,View.成品製令合計,ViewFIL404E5,Default,View,7,N
528,View.成品製令分項合計,View.成品製令分項合計,ViewFIL404E6,Default,View,14,N
529,View.製袋平均袋重,View.製袋平均袋重,ViewFIL404E7,Default,View,11,N
530,View.品檢平均袋重,View.品檢平均袋重,ViewFIL404E8,Default,View,4,N
531,ViewFIL404E71,,ViewFIL404E71,Default,View,2,N
532,View.製袋每日產量,View.製袋每日產量,ViewFIL404E72A,Default,View,2,N
533,View.製袋平均磅重,View.製袋平均磅重,ViewFIL404E73,Default,View,4,N
534,View.製袋製令合計,View.製袋製令合計,ViewFIL404E74,Default,View,4,N
535,View.成品批號平均重量,View.成品批號平均重量,ViewFIL404E75,Default,View,5,N
536,ViewFIL404E81,,ViewFIL404E81,Default,View,2,N
537,View.製袋巡檢單.C47,View.製袋巡檢單,ViewFIL4101,Default,View,34,N
538,View.製袋巡檢次數,View.製袋巡檢次數,ViewFIL4102,Default,View,8,N
539,View.氣閥巡檢單.C45,View.氣閥巡檢單,ViewFIL4111,Default,View,39,N
540,View.氣閥巡檢次數,View.氣閥巡檢次數,ViewFIL4112,Default,View,8,N
541,View.鐵條巡檢單.C46,View.鐵條巡檢單,ViewFIL4121,Default,View,39,N
542,View.鐵條巡檢次數,View.鐵條巡檢次數,ViewFIL4122,Default,View,8,N
543,xxView.成品檢驗單.C48,View.成品檢驗單,ViewFIL4201,Default,View,42,N
544,View.製袋檢驗記錄表.C48,View.成品檢驗記錄表.C48,ViewFIL4201,Default,View,45,N
545,View.製袋出廠檢驗報告.C44,View.成品出廠檢驗報告.C44,ViewFIL4202,Default,View,45,N
546,View.成捲檢驗記錄表.C49,View.成捲檢驗記錄表.C49,ViewFIL4301,Default,View,46,N
547,View.成捲出廠檢驗報告.C43,View.成捲出廠檢驗報告.C43,ViewFIL4302,Default,View,46,N
548,View.箱號異動單主檔.E32,View.箱號異動單主檔,ViewFILE030,Default,View,19,N
549,View.箱號異動單明細,View.箱號異動明細,ViewFILE031,Default,View,41,N
550,View.箱號異動單合計,View.箱號異動單合計,ViewFILE032,Default,View,4,N
551,View.箱號異動平均重量,View.箱號異動平均重量,ViewFILE032A,Default,View,8,N
552,View.重工異動單主檔.E33,View.重工異動單主檔,ViewFILE033,Default,View,36,N
553,View.重工異動單明細,View.重工異動明細,ViewFILE034,Default,View,47,N
554,View.重工異動單合計,View.重工異動單合計,ViewFILE035,Default,View,10,N
555,View.重工異動平均重量,View.重工異動平均重量,ViewFILE035A,Default,View,9,N
556,View.成品出廠主檔.E35,View.成品出廠主檔,ViewFILE036,Default,View,21,N
557,View.成品出廠明細,View.成品出廠明細,ViewFILE037,Default,View,27,N
558,View.成品出廠合計,View.成品出廠合計,ViewFILE038,Default,View,4,N
559,View.成品品檢主檔.E37,View.成品品檢主檔,ViewFILE039,Default,View,29,N
560,View.成品品檢主檔客戶編號,View.成品品檢主檔客戶編號,ViewFILE039A,Default,View,3,N
561,View.成品品檢明細,View.成品品檢明細,ViewFILE03A,Default,View,31,N
562,View.成品品檢(嘜頭)合計,View.成品品檢合計,ViewFILE03B,Default,View,6,N
563,View.成品調整平均重量,View.成品調整平均重量,ViewFILE03C,Default,View,4,N
564,View.成品每袋重量,View.成品每袋重量,ViewFILE03D,Default,View,4,N
565,View.成品批號庫存,View.成品批號庫存,ViewFILE03E,Default,View,13,N
566,View.成品批號庫存彙總,View.成品批號庫存彙總,ViewFILE03F,Default,View,6,N
567,View.貨櫃號碼主檔.E38,View.貨櫃號碼主檔,ViewFILE040,Default,View,39,N
568,View.貨櫃號碼明細,View.貨櫃號碼明細,ViewFILE041,Default,View,28,N
569,View.貨櫃製令合計,View.貨櫃製令合計,ViewFILE042,Default,View,7,N
570,View.貨櫃號碼合計,View.貨櫃號碼合計,ViewFILE043,Default,View,6,N
571,View.嘜頭製令合計,View.嘜頭製令合計,ViewFILE044,Default,View,10,N
572,View.貨櫃明細(B).INVOICE,View.貨櫃明細(B).INVOICE,ViewFILE045,Default,View,18,N
573,View.貨櫃合計(B).INVOICE,View.貨櫃合計(B).INVOICE,ViewFILE046,Default,View,4,N
576,View.委外加工主檔.F11,View.委外加工主檔,ViewFILF010,Default,View,26,N
577,View.委外加工明細,View.委外加工明細,ViewFILF011,Default,View,20,N
578,View.委外加工合計,View.委外加工合計,ViewFILF012,Default,View,4,N
579,View.委外批號填表日,View.委外批號填表日,ViewFILF013,Default,View,4,N
580,View.委外製令填表日,View.委外製令填表日,ViewFILF015,Default,View,4,N
581,View.委外生產數明細,View.委外生產數明細,ViewFILF016,Default,View,8,N
582,View.委外回廠主檔.F21,View.委外回廠主檔,ViewFILF020,Default,View,26,N
583,View.委外回廠明細,View.委外回廠明細,ViewFILF021,Default,View,21,N
584,View.委外回廠合計,View.委外回廠合計,ViewFILF022,Default,View,4,N
585,View.庫存盤點主檔.F31,View.委外盤點主檔.F31,ViewFILF030,Default,View,30,N
586,View.庫存盤點明細,View.委外盤點明細,ViewFILF031,Default,View,27,N
587,View.庫存盤點明細簡表,View.委外盤點明細A,ViewFILF031A,Default,View,7,N
588,View.庫存盤點合計,View.委外盤點合計,ViewFILF032,Default,View,7,N
589,View.盤點調整主檔.F32,View.盤點調整主檔.F32,ViewFILF040,Default,View,28,N
590,View.盤點調整明細,View.盤點調整明細,ViewFILF041,Default,View,21,N
591,View.盤點調整合計,View.盤點調整合計,ViewFILF042,Default,View,3,N
592,View.版銅送修出廠主檔.F33,View.版銅送修出廠主檔.F33,ViewFILF050,Default,View,23,N
593,View.版銅送修出廠明細,View.版銅送修出廠明細,ViewFILF051,Default,View,21,N
594,View.版銅送修出廠合計,View.版銅送修出廠合計,ViewFILF052,Default,View,7,N
595,View.版銅送修出庫主檔.F34,View.版銅送修出庫主檔.F34,ViewFILF053,Default,View,20,N
596,View.版銅送修出庫明細,View.版銅送修出庫明細,ViewFILF054,Default,View,21,N
597,View.版銅送修出庫合計,View.版銅送修出庫合計,ViewFILF055,Default,View,4,N
598,View.期初庫存主檔.F35,View.期初庫存主檔.F35,ViewFILF061,Default,View,28,N
599,View.期初庫存明細,View.期初庫存明細,ViewFILF062,Default,View,23,N
600,View.期初庫存合計,View.期初庫存合計,ViewFILF063,Default,View,4,N
601,View.委外半成品結存檔,View.委外半成品結存檔,ViewFILF0W0,Default,View,21,N
602,View.委外半成品異動檔,View.委外半成品異動檔,ViewFILF0W1,Default,View,27,N
603,View.委外原物料異動檔,View.委外原物料異動檔,ViewFILF0W3,Default,View,20,N
604,View.委外原物料異動檔A,View.委外原物料異動檔A,ViewFILF0W3A,Default,View,10,N
605,View.委外原物料異動檔B,,ViewFILF0W3B,Default,View,8,N
606,View.委外原物料批號檔,View.委外原物料批號檔,ViewFILF0W3C,Default,View,4,N
607,View.委外原物料預估檔,View.委外原物料預估檔,ViewFILF0W3D,Default,View,3,N
608,View.委外原物料結存檔,,ViewFILF0W4A,Default,View,14,N
609,View.委外原物料結存檔,View.委外原物料結存檔,ViewFILF0W4B,Default,View,14,N
610,View.委外原物料結存發出,View.委外原物料結存發出,ViewFILF0W4B_1,Default,View,9,N
611,View.委外原物料結存耗用一,View.委外原物料結存耗用一,ViewFILF0W4B_2,Default,View,9,N
612,View.委外原物料結存耗用二,View.委外原物料結存耗用二,ViewFILF0W4B_3,Default,View,9,N
613,View.委外原物料結存報廢,View.委外原物料結存報廢,ViewFILF0W4B_4,Default,View,9,N
614,View.委外批號工站結存檔,View.委外批號工站結存檔,ViewFILF0W5,Default,View,15,N
615,View.委外批號彙總結存檔,View.委外批號彙總結存檔,ViewFILF0W6,Default,View,9,N
617,View.請購單主檔.D01,View.請購單主檔.D01,ViewFIL4A00,Default,View,35,N
618,View.請購單明細,View.請購單明細,ViewFIL4A01,Default,View,28,N
619,View.請購單合計,View.請購單合計,ViewFIL4A0A,Default,View,7,N
620,View.採購單主檔.D11,View.採購單主檔,ViewFIL4A10,Default,View,50,N
621,View.採購單明細,View.採購單明細,ViewFIL4A11,Default,View,31,N
622,View.採購單合計,View.採購單合計,ViewFIL4A1A,Default,View,10,N
623,View.請購採購數,View.請購採購數,ViewFIL4A1B,Default,View,11,N
624,View.請購採購數by單號,View.請購採購數by單號,ViewFIL4A1C,Default,View,7,N
625,View.採購廠商出貨明細,View.採購廠商出貨,ViewFIL4A1D,Default,View,24,N
626,View.採購廠商出貨合計,View.採購廠商出貨合計,ViewFIL4A1E,Default,View,14,N
627,View.採購平台廠商出貨,View.採購平台廠商出貨,ViewFIL4A1EA,Default,View,33,N
628,View.採購廠商出貨小計,View.採購廠商出貨小計,ViewFIL4A1EB,Default,View,5,N
629,View.採購預交日單號,View.採購預交日單號,ViewFIL4A1F,Default,View,5,N
630,View.進料單主檔.D21,View.進料單主檔,ViewFIL4A20,Default,View,41,N
631,View.進料單明細,View.進料單明細,ViewFIL4A21,Default,View,29,N
632,View.進料單合計,View.進料單合計,ViewFIL4A2A,Default,View,10,N
633,View.採購進料數,View.採購進料數,ViewFIL4A2B,Default,View,16,N
634,View.採購進料額,View.採購進料額,ViewFIL4A2C,Default,View,4,N
635,View.進料檢驗單主檔.D31,View.進料檢驗單主檔.D31,ViewFIL4A30,Default,View,27,N
636,View.進料檢驗單明細,View.進料檢驗單明細,ViewFIL4A31,Default,View,32,N
637,View.進料檢驗單合計,View.進料檢驗單合計,ViewFIL4A3A,Default,View,3,N
638,View.退料單主檔.D41,View.退料單主檔,ViewFIL4A40,Default,View,39,N
639,View.退料單明細,View.退料單明細,ViewFIL4A41,Default,View,23,N
640,View.退料單合計,View.退料單合計,ViewFIL4A4A,Default,View,8,N
641,View.客供品主檔.D51,View.客供品主檔,ViewFIL4A4F,Default,View,28,N
642,View.客供品明細,View.客供品明細,ViewFIL4A4G,Default,View,25,N
643,View.客供品合計,View.客供品合計,ViewFIL4A4H,Default,View,4,N
644,View.客供品退料主檔.D52,View.客供品退料主檔,ViewFIL4A4I,Default,View,31,N
645,View.客供品退料明細,View.客供品退料明細,ViewFIL4A4J,Default,View,23,N
646,View.客供品退料合計,View.客供品退料合計,ViewFIL4A4K,Default,View,4,N
647,View.客供品料號主檔,View.客供品料號主檔,ViewFIL4A4L,Default,View,1,N
648,View.採購進退驗數,View.採購進退驗數,ViewFIL4A4B,Default,View,13,N
649,View.批號退料數,View.批號退料數,ViewFIL4A4C,Default,View,6,N
650,View.批號委外彙總,View.批號委外彙總,ViewFIL4A4D,Default,View,3,N
651,View.批號異動彙總,View.批號異動彙總,ViewFIL4A4E,Default,View,3,N
653,View.訂單進度表,View.訂單進度表,ViewFILA001,Default,View,10,N
654,View.採購進度表,View.採購進度表,ViewFILA010,Default,View,8,N
656,View.原物料盤點單主檔.E11,View.原物料盤點單主檔,ViewFILE010,Default,View,19,N
657,View.原物料盤點單明細,View.原物料盤點單明細,ViewFILE011,Default,View,28,N
658,View.原物料盤點單合計,View.原物料盤點單合計,ViewFILE01A,Default,View,4,N
659,View.原物料廠商批號,View.原物料廠商批號,ViewFILE01B,Default,View,2,N
660,View.原物料入庫沖銷,View.原物料入庫沖銷,ViewFILE01C,Default,View,12,N
661,View.原物料調整單主檔.E12,View.原物料調整單主檔.E12,ViewFILE020,Default,View,19,N
662,View.原物料調整單明細,View.原物料調整單明細,ViewFILE021,Default,View,26,N
663,View.原物料調整單合計,View.原物料調整單合計,ViewFILE02A,Default,View,3,N
664,View.裁切材料單主檔.E13,View.裁切材料單主檔.E13,ViewFILE025,Default,View,22,N
665,View.裁切材料單單明細,View.裁切材料單單明細,ViewFILE026,Default,View,29,N
666,View.裁切材料單合計,View.裁切材料單合計,ViewFILE027,Default,View,3,N
667,View.裁切調整單主檔.E22,View.裁切調整單主檔.E22,ViewFILE02B,Default,View,25,N
668,View.裁切調整單明細,View.裁切調整單明細,ViewFILE02C,Default,View,28,N
669,View.裁切調整單合計,View.裁切調整單合計,ViewFILE02D,Default,View,6,N
670,View.裁切入庫單主檔.E23,View.裁切入庫單主檔.E23,ViewFILE02H,Default,View,22,N
671,View.裁切入庫單明細,View.裁切入庫單明細,ViewFILE02I,Default,View,27,N
672,View.裁切入庫單合計,View.裁切入庫單合計,ViewFILE02J,Default,View,4,N
673,View.半成品入庫單主檔.E24,View.半成品入庫單主檔.E24,ViewFILE02K,Default,View,19,N
674,View.半成品入庫單明細,View.半成品入庫單明細,ViewFILE02L,Default,View,24,N
675,View.半成品入庫單合計,View.半成品入庫單合計,ViewFILE02M,Default,View,4,N
676,View.條碼目前庫位,View.條碼目前庫位,ViewFILM000S,Default,View,2,N
677,View.材料月異動數,View.材料月異動數,ViewFILM001,Default,View,4,N
678,xxView.材料月庫存數,View.材料月庫存數,ViewFILM005,Default,View,10,N
679,View.不分倉庫存數(含負),View.不分倉庫存數,ViewFILM006,Default,View,2,N
680,View.不分月庫存數,View.不分月庫存數,ViewFILM007,Default,View,6,N
681,View.不分月庫存數_WK,View.不分月庫存數_WK,ViewFILM007_WK,Default,View,6,N
682,View.不分倉庫存數(唯正),View.不分倉庫存數(唯正),ViewFILM008,Default,View,2,N
683,View.材料月異動數(批號),View.材料月異動數(批號,ViewFILM011,Default,View,5,N
684,xxView.材料月庫存數(批號),View.材料月庫存數(批號),ViewFILM015,Default,View,11,N
685,View.不分倉庫存數(批號),View.不分倉庫存數(批號),ViewFILM016,Default,View,2,N
686,View.不分倉(料號＋批號),View.不分倉(料號＋批號),ViewFILM017,Default,View,6,N
687,View.不分倉批號異動檔,View.不分倉批號異動檔,ViewFILM018,Default,View,7,N
688,View.不分倉批號異動檔_A,View.不分倉批號異動檔_A,ViewFILM018A,Default,View,10,N
689,View.材料庫存數_S(不分倉),View.不分月庫存數_S,ViewFILM008S,Default,View,4,N
690,View.材料庫存數_S(不分倉)_WK,View.不分月庫存數_S_WK,FILM008S_WK,Default,Table,4,Y
691,View.材料庫存數_S(分倉),View.不分月庫存數_S(分倉),ViewFILM008SA,Default,View,6,N
692,View..紙箱庫存數,View.紙箱庫存數,ViewFILM008SC,Default,View,4,N
693,View.材料不分倉批號庫存_S,View.不分倉(料號＋批號)_S,ViewFILM017S,Default,View,7,N
694,View.條碼庫存_材料,View.材料批號庫存_S,ViewFILM017SA,Default,View,2,N
695,View.條碼庫存異動_材料,View.不分倉批號異動檔_S,ViewFILM018S,Default,View,11,N
696,View.條碼請發用退清單,View.條碼退庫清單,ViewFILM018SA,Default,View,8,N
697,View.條碼請發用退明細,View.條碼退庫明細,ViewFILM018SB,Default,View,11,N
698,View.條碼日報領退,View.條碼日報領退,ViewFILM018SC,Default,View,13,N
699,View.條碼庫存_半成品,View.不分月庫存數_H,ViewFILM008H,Default,View,6,N
700,View.條碼庫存_半成品_WK,View.不分月庫存數_H_WK,ViewFILM008H_WK,Default,View,6,N
701,View.半成品不分倉批號庫存_H,View.不分倉(料號＋批號)_H,ViewFILM017H,Default,View,10,N
702,View.條碼庫存_半成品異動,View.不分倉批號異動檔_H,ViewFILM018H,Default,View,16,N
703,View.分倉批號庫存,View.分倉批號庫存,ViewFILM019,Default,View,5,N
705,View.不分倉庫存數(含負),View.不分倉庫存數月結,ViewFILM006A,Default,View,2,N
706,View.不分月庫存數月結,View.不分月庫存數月結,ViewFILM007A,Default,View,6,N
707,View.不分倉庫存(唯正)月結,View.不分倉庫存(唯正)月結,ViewFILM008A,Default,View,2,N
708,View.不分倉庫存(批號)月結,View.不分倉庫存(批號)月結,ViewFILM016A,Default,View,2,N
709,View.不分倉(料/批)月結,View.不分倉(料/批)月結,ViewFILM017A,Default,View,6,N
710,View.分倉批號庫存月結,View.分倉批號庫存月結,ViewFILM019A,Default,View,5,N
711,View.分倉批號前月庫存月結,View.分倉批號前月庫存月結,ViewFILM020A,Default,View,4,N
712,View.製程人工時月彙總,View.製程人工時月彙總,ViewFILM021A,Default,View,3,N
713,View.人工時月彙總,View.人工時月彙總,ViewFILM022A,Default,View,4,N
714,View.材料庫存異動明細,View.材料庫存異動明細,ViewFILM101,Default,View,13,N
715,View.材料庫存月彙總,View.材料庫存月彙總,ViewFILM102,Default,View,5,N
716,View.材料庫存月料號,View.材料庫存月料號,ViewFILM103,Default,View,2,N
717,View.材料進耗存月彙總,View.材料進耗存月彙總,ViewFILM104,Default,View,11,N
718,View.材料製程領用月彙總,View.材料製程領用月彙總,ViewFILM105,Default,View,3,N
719,View.材料日報領用彙總,View.材料日報領用彙總,ViewFILM106,Default,View,3,N
720,View.客供品異動明細,View.客供品異動明細,ViewFILM111,Default,View,12,N
721,View.客供品庫存月彙總,View.客供品庫存月彙總,ViewFILM112,Default,View,5,N
722,View.客供品庫存月料號,View.客供品庫存月料號,ViewFILM113,Default,View,2,N
723,View.日報人員耗時,View.日報人員耗時,ViewFILM201,Default,View,13,N
724,View.製程實際直接人工,View.製程實際直接人工,ViewFILM202,Default,View,4,N
725,View.日報製令,View.日報製令,ViewFILM203,Default,View,9,N
726,View.製程人工時費用,View.製程人工時費用,ViewFILM204,Default,View,4,N
728,View.PLC機台位置,View.PLC機台位置,ViewFIL5001,Default,View,2,N
729,View.PLC製令清單,View.PLC製令清單,ViewFIL5002,Default,View,5,N
731,View.個人薪資設定,View.個人薪資設定,ViewFILHS01,Default,View,32,N
732,View.月薪資彙總,View.月薪資彙總,ViewFILHS02,Default,View,73,N
733,View.年薪資彙總,View.年薪資彙總,ViewFILHS03,Default,View,60,N
734,View.請假申請單.H01,View.請假申請單.H01,ViewFILH001,Default,View,35,N
735,View.特休排定表.H02,View.特休排定表.H02,ViewFILH002,Default,View,38,N
736,View.員工排休表,View.員工排休表,ViewFILH003,Default,View,16,N
737,View.加班費主檔.H03,View.加班費主檔.H03,ViewFILH004,Default,View,23,N
738,View.加班費明細,View.加班費明細,ViewFILH005,Default,View,33,N
739,View.加班費合計,View.加班費合計,ViewFILH006,Default,View,5,N
740,View.加班日筆數,View.加班日筆數,ViewFILH006A,Default,View,3,N
741,View.出缺勤日結,View.出缺勤計算.H04,ViewFILH007,Default,View,44,N
742,View.出缺勤月結,View.出缺勤月結,ViewFILH008,Default,View,25,N
743,View.加班費說明,View.加班費說明,ViewFILH009,Default,View,16,N
744,View.員工假別月統計,View.員工假別月統計,ViewFILH010,Default,View,6,N
745,View.員工假別年統計,View.員工假別年統計,ViewFILH011,Default,View,4,N
746,View.員工每日請假時數,View.員工每日請假時數,ViewFILH012,Default,View,7,N
747,View.員工日請假含未核,View.員工日請假含未核,ViewFILH012A,Default,View,3,N
748,View.員工單據時數合計,View.員工單據時數合計,ViewFILH013,Default,View,2,N
749,View.員工伙食請假日數,View.員工伙食請假日數,ViewFILH014,Default,View,4,N
750,View.員工每月請假扣支,View.員工每月請假扣支,ViewFILH015,Default,View,6,N
751,View.每月假日天數,View.每月假日天數,ViewFILH016,Default,View,2,N
752,View.員工每月加班,View.員工每月加班,ViewFILH017,Default,View,17,N
753,View.出勤調整單.H05,View.出勤調整單.H05,ViewFILH018,Default,View,32,N
754,View.每日請假清單,View.每日請假清單,ViewFILH019,Default,View,3,N
755,View.每日加班前12小時,View.每日加班前12小時,ViewFILH020,Default,View,4,N
756,View.每日加班一,View.每日加班一,ViewFILH021,Default,View,6,N
757,View.每月加班一,View.每月加班一,ViewFILH022,Default,View,4,N
758,View.費用申請主檔.H11,View.費用申請主檔.H11,ViewFILH023,Default,View,25,N
759,View.費用申請明細,View.費用申請明細,ViewFILH024,Default,View,15,N
760,View.費用申請合計,View.費用申請合計,ViewFILH025,Default,View,3,N
761,View.計件月彙總,View.計件月彙總,ViewFILH026,Default,View,4,N
762,View.計件年彙總,View.計件年彙總,ViewFILH027,Default,View,4,N
763,View.薪資清單.H21,View.薪資清單,ViewFILH030,Default,View,22,N
764,View.車馬費主檔.H22,View.車馬費,ViewFILH031,Default,View,22,N
765,View.加班2及計件主檔.H23,View.加班2及計件主檔,ViewFILH032,Default,View,22,N
766,View.計件工資明細,View.計件工資明細,ViewFILH033,Default,View,3,N
768,View.客訴單主檔.R01,View.客訴單主檔.R01,ViewFILR001,Default,View,28,N
769,View.客訴單主檔_品管.R11,View.客訴單主檔_品管.R11,ViewFILR011,Default,View,27,N
770,View.客訴單明細,View.客訴單明細,ViewFILR002,Default,View,24,N
771,View.品質異常單主檔_開單.R02,View.品質異常單主檔.R02,ViewFILR010,Default,View,42,N
772,View.品質異常單明細,View.品質異常單明細,ViewFILR010D,Default,View,35,N
773,View.品質異常單合計,View.品質異常單合計,ViewFILR012,Default,View,9,N
774,View.品質異常單位當月累計次數,View.品質異常單位當月累計次數,ViewFILR013,Default,View,3,N
775,View.品質異常個人當月累計次數,View.品質異常個人當月累計次數,ViewFILR014,Default,View,4,N
776,View.銷退處理記錄表主檔.R03,View.銷退處理記錄表主檔.R03,ViewFILR020,Default,View,31,N
777,View.銷退處理記錄_品管.R31,View.銷退處理主檔_品管.R31,ViewFILR031,Default,View,33,N
778,View.銷退處理記錄表明細,View.銷退處理記錄表明細,ViewFILR021,Default,View,17,N
779,View.特採申請單主檔.R04,View.特採申請單主檔.R04,ViewFILR030,Default,View,45,N
780,View.品質異常單主檔_責任.R21,View.品質異常單主檔_責任.R21,ViewFILR210,Default,View,39,N
781,View.品質異常單主檔_品管.R22,View.品質異常單主檔_品管.R22,ViewFILR220,Default,View,36,N
782,View.品質異常單主檔_品管.R23,View.品質異常單主檔_品管.R23,ViewFILR230,Default,View,35,N
784,WK.不分倉批號異動檔_H,WK.不分倉批號異動檔_H,WKFILM018H,Default,Table,16,Y
785,WK.材料不分倉批號庫存_S,WK.不分倉(料號＋批號)_S,WKFILM017S,Default,Table,7,Y
786,WK.材料異動數,WK.材料異動數,WKFIL2022,Default,Table,21,Y
788,View.PLCLog,View.PLCLog,ViewLog001,Log,View,4,N
790,MV_客戶訂單結構,MV_客戶訂單結構,MV_客戶訂單結構,Default,Materialized View,6,N
791,MV_製袋平均袋重,MV_製袋平均袋重,MV_製袋平均袋重,Default,Materialized View,4,N
792,MV_箱號異動平均重量,MV_箱號異動平均重量,MV_箱號異動平均重量,Default,Materialized View,4,N
794,u.欄位異動記錄,u.欄位異動記錄,FILU001,Default,Table,13,Y
796,薪資系統參數,HR.系統參數,HRFil1002,Default,Table,30,Y
797,薪資其它參數,HR.薪資參數,HRFil1002a,Default,Table,18,Y
798,加班設定,HR.加班設定,HRFil1003,Default,Table,8,Y
799,工作職稱,HR.工作職稱,HRFil1004,Default,Table,4,Y
800,年假設定,HR.年假設定,HRFil1005,Default,Table,3,Y
801,員工每月出勤,HR.員工每月出勤,HRFil1006,Default,Table,14,Y
802,員工每日出勤,HR.員工每日出勤,HRFil1007,Default,Table,33,Y
803,員工每月職務薪資,HR.員工每月職務薪資,HRFil1008,Default,Table,8,Y
804,離職其他清單,HR.離職其他清單,HRFil1020,Default,Table,5,Y
805,離職檔案清單,HR.離職檔案清單,HRFil1021,Default,Table,5,Y
806,離職文件清單,HR.離職文件清單,HRFil1022,Default,Table,5,Y
807,離職工作清單,HR.離職工作清單,HRFil1023,Default,Table,5,Y
808,離職財產歸還,HR.離職財產歸還,HRFil1024,Default,Table,6,Y
809,離職執行,HR.離職執行,HRFil1025,Default,Table,9,Y
810,離職單,HR.離職單,HRFil1026,Default,Table,23,Y
811,請假單,HR.請假單,HRFil1031,Default,Table,19,Y
812,特休排定表,HR.特休排定表,HRFil1032,Default,Table,21,Y
813,應特休日,HR.應特休日,HRFil1033,Default,Table,15,Y
814,出勤調整單,HR.出勤調整單,HRFil1034,Default,Table,18,Y
815,人事異動,HR.人事異動,HRFil1041,Default,Table,31,Y
816,人資申請,HR.人資申請,HRFil1051,Default,Table,17,Y
817,帳號申請,HR.帳號申請,HRFil1061,Default,Table,22,Y
818,勞健保對照表,HR.勞健保對照表,HRFil1071,Default,Table,15,Y
819,薪資扣繳稅額表,HR.薪資扣繳稅額表,HRFil1081,Default,Table,18,Y
820,個人薪資主檔,HR.個人薪資主檔,HRFil2001,Default,Table,36,Y
821,所得扶養人數,HR.所得扶養人數,HRFil2002,Default,Table,6,Y
822,健保扶養人數,HR.健保扶養人數,HRFil2003,Default,Table,6,Y
823,薪資項目設定,HR.薪資項目設定,HRFil2004,Default,Table,76,Y
824,每月薪資明細,HR.每月薪資明細,HRFil2005,Default,Table,44,Y
825,每月薪資彙總,HR.每月薪資彙總,HRFil2006,Default,Table,72,Y
826,薪資匯入明細,HR.薪資匯入明細,HRFil2007,Default,Table,27,Y
827,職位薪點表,HR.職位薪點表,HRFil2008,Default,Table,3,Y
828,員工附檔一,HR.員工附檔一,HRFil0011,Default,Table,18,Y
829,員工學歷,HR.員工學歷,HRFil0012,Default,Table,7,Y
830,員工經歷,HR.員工經歷,HRFil0013,Default,Table,7,Y
831,員工獎懲,HR.員工獎懲,HRFil0014,Default,Table,7,Y
832,員工職務,HR.員工職務,HRFil0015,Default,Table,7,Y
833,員工訓練,HR.員工訓練,HRFil0016,Default,Table,7,Y
834,代理人,HR.代理人,HRFil0017,Default,Table,5,Y
835,最高權限,HR.最高權限,HRFil0018,Default,Table,2,Y
836,有效代理人,HR.有效代理人,HRFil0019,Default,View,4,N
837,請假匯入明細,HR.請假匯入明細,HRFil0020,Default,Table,10,Y
838,員工加班一,HR.員工加班一,HRFil0021,Default,Table,8,Y
839,每月其它扣支,HR.每月其它扣支,HRFil0022,Default,Table,14,Y
840,門禁資料,HR.門禁資料,HRFil0023,Default,Table,13,Y
842,Mobile.Client.Local flags,Mobile.Client.Local flags,MobileClient0001,Mobile Local,Table,8,N
843,Mobile.Client.AP log,Mobile.Client.AP log,MobileClient0002,Mobile Local,Table,7,N
844,Mobile.Client.PhotoMain,Mobile.Client.PhotoMain,MobileClient0003,Mobile Local,Table,3,N
845,Mobile.Client.PhotoDetail,Mobile.Client.PhotoDetail,MobileClient0004,Mobile Local,Table,6,N
847,Mobile.Client.Resources,Mobile.Client.Resources,Mobile0001,Mobile Large Local,Table,6,N
848,Mobile.Client.TableLine,Mobile.Client.TableLine,Mobile0002,Mobile Large Local,Table,1,N
850,Mobile.Server.Resources,Mobile.Server.Resources,Mobile0001,Mobile Large,Table,6,N
851,Mobile.Server.TableLines,Mobile.Server.TableLines,Mobile0002,Mobile Large,Table,1,N
853,xxMobile.Server.AP log,Mobile.Server.AP log,Mobile0001,Default,Table,7,Y
854,xxMobile.Server.DataSync,Mobile.Server.DataSync,Mobile0002,Default,Table,2,Y
856,TMP.月曆,TMP.月曆,TMP.月曆,Memory,Table,9,N
857,TMP.DataViewToReport,TMP.DataViewToReport,TMP.DataViewToReport,Memory,Table,6,N
859,MySQL.品質異常單主檔,MySQL.品質異常單主檔.R02,品質異常單主檔,AI,Table,23,N
860,MySQL.品質異常單明細,MySQL.品質異常單明細,品質異常單明細,AI,Table,11,N
861,彙圖分群明細,Live.彙圖分群明細,%LogonID%LiveDetail,SQLite Database,Table,3,N
862,彙圖分群代碼,Live.彙圖分群代碼,%LogonID%LiveGroup,SQLite Database,Table,2,N
863,合一智感.感測器記錄,合一智感.感測器記錄,FILI0001,Default,Table,23,Y
