View,專案,程式,程式名稱,結果,錯誤,自動修正
ViewA01_19_01,Home,73,ViewA01_19.PDF修改異動比較,已建立,,
ViewDoc_KMTree,DOC,59,ViewDoc_KMTree,已建立,,
ViewDoc_ObjPath,DOC,58,ViewDoc_ObjPath,建立失敗,"syntax error at or near ""START""",
ViewDoc_OwnerTotalSize,DOC,60,ViewDoc_OwnerTotalSize,已建立,,
ViewDoc_ShareFolder,DOC,56,ViewDoc_ShareFolder,已建立,,
ViewDoc_ShareObj,DOC,57,ViewDoc_ShareObj,已建立,,
ViewDoc_UserRights,DOC,55,ViewDoc_UserRights,已建立,,
ViewFIL0010,Home,1662,ViewFIL0010.功能表選單,已建立,,
ViewFIL0011,Home,1663,ViewFIL0011.公司代碼檔,已建立,,
ViewFIL0012,Home,1664,ViewFIL0012.部門代碼檔,建立失敗,column a.製程代碼 does not exist,
ViewFIL0012014,Home,1665,ViewFIL0012014.部門廠商檔,已建立,,
ViewFIL0013,Home,1666,ViewFIL0013.通知記錄檔,已建立,,
ViewFIL0014,Home,1667,ViewFIL0014.修改記錄檔,已建立,,
ViewFIL0015,Home,1668,ViewFIL0015.使用記錄檔,已建立,,
ViewFIL0020,Home,1669,ViewFIL0020.單據類別檔,已建立,,
ViewFIL0030,Home,1671,ViewFIL0030.簽核狀態檔,已建立,,
ViewFIL0040,Home,1672,ViewFIL0040.簽核發送檔,已建立,,
ViewFIL0050,Home,1673,ViewFIL0050.簽核流程檔,已建立,,
ViewFIL0051,Home,1674,ViewFIL0051.簽核附件檔,已建立,,
ViewFIL0052,Home,1675,ViewFIL0052.附件查詢檔,已建立,,
ViewFIL0053,Home,1676,ViewFIL0053.附件依年度,已建立,,
ViewFIL0054,Home,1677,ViewFIL0054.簽核附件大小,已建立,,
ViewFIL0055,Home,1678,ViewFIL0055.備註附檔二筆數,已建立,,
ViewFIL0081,Home,1679,ViewFIL0081.簽核人員檔,已建立,,
ViewFIL1010,Home,1748,ViewFIL1010.員工資料檔,已建立,,
ViewFIL1010a,Home,1749,ViewFIL1010A.員工資料檔,已建立,,
ViewFIL1012,Home,1750,ViewFIL1012.品號資料檔,已建立,,
ViewFIL1013,Home,1751,ViewFIL1013.廠別資料檔,已建立,,
ViewFIL1014,Home,1752,ViewFIL1014.廠商資料檔,已建立,,
ViewFIL1015,Home,1753,ViewFIL1015.客戶資料檔,已建立,,
ViewFIL1015A,Home,1754,ViewFIL1015A.廠客聯絡人,已建立,,
ViewFIL1016,Home,1755,ViewFIL1016.請假資料檔,已建立,,
ViewFIL1017,Home,1756,ViewFIL1017.單位換算檔,已建立,,
ViewFIL1018,Home,1757,ViewFIL1018.科目代碼檔,已建立,,
ViewFIL1019,Home,1758,ViewFIL1019.採購單價檔,已建立,,
ViewFIL1021,Home,1759,ViewFIL1021.銀行資料檔,已建立,,
ViewFIL1022,Home,1760,ViewFIL1022.匯率資料檔,已建立,,
ViewFIL1022a,Home,1761,ViewFIL1022.月平均匯率a,已建立,,
ViewFIL1023,Home,1762,ViewFIL1023.費用項目檔,已建立,,
ViewFIL1024,Home,1763,ViewFIL1024.條碼管理檔,已建立,,
ViewFIL1024a,Home,1764,ViewFIL1024A.條碼原料入出主檔,已建立,,
ViewFIL1024B,Home,1765,ViewFIL1024B.條碼異動履歷,建立失敗,column a.rowid does not exist,
ViewFIL1024C,Home,1766,ViewFIL1024C.條碼庫存數量,建立失敗,"relation ""viewfil1024b"" does not exist",
ViewFIL1024D,Home,1767,ViewFIL1024D.條碼簡檔,已建立,,
ViewFIL1024E,Home,1768,ViewFIL1024E.條碼列印記錄,已建立,,
ViewFIL1024F,Home,1769,ViewFIL1024F.條碼發料暫存,已建立,,
ViewFIL1024G,Home,1770,ViewFIL1024G.條碼日報回庫,已建立,,
ViewFIL1024h,Home,1771,ViewFIL1024H.條碼原料入出首筆,已建立,,
ViewFIL1024i,Home,1772,ViewFIL1024I.料號B控制表,已建立,,
ViewFIL1024J,Home,1773,ViewFIL1024J.條碼列印批號,已建立,,
ViewFIL1024K,Home,1774,ViewFIL1024K.條碼收料數量,已建立,,
ViewFIL1024L,Home,1775,ViewFIL1024L.條碼油墨簡檔,已建立,,
ViewFIL1025,Home,1776,ViewFIL1025.加熱器名稱,已建立,,
ViewFIL1026,Home,1777,ViewFIL1026.版銅入庫檔,已建立,,
ViewFIL1027,Home,1778,ViewFIL1027.版銅履歷檔,已建立,,
ViewFIL1027A,Home,1779,ViewFIL1027A.版銅最近取版日,已建立,,
ViewFIL1027B,Home,1780,ViewFIL1027B.版銅庫存資料,已建立,,
ViewFIL1027C,Home,1781,ViewFIL1027C.版銅最後狀態,已建立,,
ViewFIL2010,Home,1783,ViewFIL2010.異動單主檔,已建立,,重複的資料表別名已改名
ViewFIL2010_A,Home,1784,ViewFIL2010.異動單主檔_A,已建立,,
ViewFIL2010_B,Home,1785,ViewFIL2010.異動單主檔_B,已建立,,
ViewFIL2011,Home,1786,ViewFIL2011.異動單最後序號,已建立,,
ViewFIL2021,Home,1787,ViewFIL2021.產品異動數,已建立,,
ViewFIL2022,Home,1788,ViewFIL2022.材料異動數,已建立,,重複的資料表別名已改名
ViewFIL2022A,Home,1789,ViewFIL2022A.材料異動數(填表),已建立,,
ViewFIL2022C,Home,1790,ViewFIL2022C.紙箱異動數,已建立,,重複的資料表別名已改名
ViewFIL2023,Home,1791,ViewFIL2023.類別序號檔(desc),已建立,,
ViewFIL2030,Home,1792,ViewFIL2030.異動單合計,已建立,,
ViewFIL2040,Home,1793,ViewFIL2040.異動單內容12,已建立,,
ViewFIL2050,Home,1794,ViewFIL2050.費用明細檔,已建立,,
ViewFIL2051,Home,1795,ViewFIL2051.費用合計檔,已建立,,
ViewFIL2061,Home,1796,ViewFIL2061.裁切異動數,已建立,,
ViewFIL2061M,Home,1798,ViewFIL2061M.裁切品名檔,建立失敗,CASE types text and integer cannot be matched,
ViewFIL2062,Home,1797,ViewFIL2062.裁切合計數,已建立,,
ViewFIL2063,Home,1799,ViewFIL2063.包裝異動數,已建立,,
ViewFIL2064,Home,1800,ViewFIL2064.製令裁切數,已建立,,
ViewFIL2065,Home,1801,ViewFIL2065.製令包裝數,已建立,,
ViewFIL2066,Home,1802,ViewFIL2066.印檢合計數,已建立,,
ViewFIL2067,Home,1803,ViewFIL2067.印檢製令合計數,已建立,,
ViewFIL2068,Home,1804,ViewFIL2068.裁檢合計數,已建立,,
ViewFIL2069,Home,1805,ViewFIL2069.裁檢製令合計數,已建立,,
ViewFIL2070,Home,1807,ViewFIL2070.前製程庫存合計,已建立,,
ViewFIL2070A,Home,1808,ViewFIL2070A.前製程庫存含製程,已建立,,
ViewFIL2070B,Home,1809,ViewFIL2070B.前製程庫存僅加工,已建立,,
ViewFIL2071,Home,1806,ViewFIL2071.前製程庫存明細,已建立,,
ViewFIL2072,Home,1810,ViewFIL2072.前製程條碼明細,已建立,,
ViewFIL2073,Home,1811,ViewFIL2073.前製程條碼合計,已建立,,
ViewFIL2074,Home,1812,ViewFIL2074.異動主檔備註,已建立,,
ViewFIL3101,Home,1682,ViewFIL3101.貿易條件,已建立,,
ViewFIL3102,Home,1683,ViewFIL3102.幣別代碼,已建立,,
ViewFIL3103,Home,1684,ViewFIL3103.單位代碼,已建立,,
ViewFIL3104,Home,1685,ViewFIL3104.發票類別,已建立,,
ViewFIL3105,Home,1686,ViewFIL3105.職稱代碼,已建立,,
ViewFIL3106,Home,1687,ViewFIL3106.庫別代碼,已建立,,
ViewFIL3107,Home,1688,ViewFIL3107.付款條件,已建立,,
ViewFIL3108,Home,1689,ViewFIL3108.收款條件,已建立,,
ViewFIL3109,Home,1690,ViewFIL3109.油墨種類,已建立,,
ViewFIL310A,Home,1691,ViewFIL310A.印刷色順,已建立,,
ViewFIL310B,Home,1692,ViewFIL310B.物料大類,已建立,,
ViewFIL310C,Home,1693,ViewFIL310C.包裝方式,已建立,,
ViewFIL310D,Home,1694,ViewFIL310D.製袋型態,已建立,,
ViewFIL310E,Home,1695,ViewFIL310E.稅別代碼,已建立,,
ViewFIL310F,Home,1696,ViewFIL310F.區域代;號,已建立,,
ViewFIL310G,Home,1697,ViewFIL310G.國別代號,已建立,,
ViewFIL310H,Home,1698,ViewFIL310H.廠商分類,已建立,,
ViewFIL310I,Home,1699,ViewFIL310I.客戶型態,已建立,,
ViewFIL310J,Home,1700,ViewFIL310J.廠牌代碼,已建立,,
ViewFIL310K,Home,1701,ViewFIL310K.溫度區間,已建立,,
ViewFIL310L,Home,1702,ViewFIL310L.時間區間,已建立,,
ViewFIL310M,Home,1703,ViewFIL310M.壓紋類別,已建立,,
ViewFIL310N,Home,1704,ViewFIL310N.製程代碼,已建立,,
ViewFIL310O,Home,1705,ViewFIL310O.工站代碼,已建立,,
ViewFIL310P,Home,1706,ViewFIL310P.機台代碼,已建立,,
ViewFIL310Q,Home,1707,ViewFIL310Q.工站機台,已建立,,
ViewFIL310R,Home,1708,ViewFIL310R.倉別代碼,已建立,,
ViewFIL310S,Home,1709,ViewFIL310S.製袋大類,已建立,,
ViewFIL310T,Home,1710,ViewFIL310T.工作代碼,已建立,,
ViewFIL310U,Home,1711,ViewFIL310U.常用語句,已建立,,
ViewFIL310Ua,Home,1712,ViewFIL310UA.報價語句,已建立,,
ViewFIL310Ub,Home,1713,ViewFIL310UB.報價條文,已建立,,
ViewFIL310UC,Home,1714,ViewFIL310UC.採購條文,已建立,,
ViewFIL310V,Home,1715,ViewFIL310V.外箱標示,已建立,,
ViewFIL310W,Home,1716,ViewFIL310W.不良原因,已建立,,
ViewFIL310WA,Home,1720,ViewFIL310WA.客戶要求,已建立,,
ViewFIL310X,Home,1717,ViewFIL310X.裁切方向,已建立,,
ViewFIL310Y,Home,1718,ViewFIL310Y.標籤機,已建立,,
ViewFIL310Z,Home,1719,ViewFIL310Z.材質溫度,已建立,,
ViewFIL3111,Home,1721,ViewFIL3111.運送方式,已建立,,
ViewFIL3112,Home,1722,ViewFIL3112.版銅代碼,已建立,,
ViewFIL3113,Home,1723,ViewFIL3113.IOT設備,已建立,,
ViewFIL3114,Home,1724,ViewFIL3114.品質異常大類,已建立,,
ViewFIL3115,Home,1725,ViewFIL3115.品質異常原因,已建立,,
VIEWFIL3116,Home,1726,ViewFIL3116.袋型,已建立,,
ViewFIL3117,Home,1727,ViewFIL3117.材枓進貨類別,已建立,,
ViewFIL3118,Home,1728,ViewFIL3118.估價單參數,已建立,,
VIEWFIL3119,Home,1729,ViewFIL3119.燙金顏色,已建立,,
ViewFIL3120,Home,1730,ViewFIL3120.排程語句,已建立,,
ViewFIL3121,Home,1731,ViewFIL3121.裁切標籤類別,已建立,,
ViewFIL3122,Home,1732,ViewFIL3122.製程語句,已建立,,
ViewFIL3123,Home,1733,ViewFIL3123.檢驗原料,已建立,,
ViewFIL3124,Home,1734,ViewFIL3124.檢驗廠商,已建立,,
ViewFIL3125,Home,1735,ViewFIL3125.調整類別,已建立,,
ViewFIL3126,Home,1736,ViewFIL3126.盤差原因,已建立,,
ViewFIL3127,Home,1737,ViewFIL3127.材料入庫原因,已建立,,
ViewFIL3128,Home,1738,ViewFIL3128.印製後裁修,已建立,,
ViewFIL3801,Home,1740,ViewFIL3801.假別代碼,已建立,,
ViewFIL3802,Home,1741,ViewFIL3802.工作內容,已建立,,
ViewFIL3803,Home,1742,ViewFIL3803.假日設定,已建立,,
ViewFIL3804,Home,1743,ViewFIL3804.行事曆清單,已建立,,
ViewFIL3805,Home,1744,ViewFIL3805.日期清單,已建立,,
ViewFIL3806,Home,1745,ViewFIL3806.照片大小合計,已建立,,
ViewFIL3806A,Home,1746,ViewFIL3806A.產品照片大小合計,已建立,,
ViewFIL4001,Home,1815,ViewFIL4001.估價單主檔.B01,已建立,,
ViewFIL4002,Home,1816,ViewFIL4002.估價袋型合計,已建立,,
ViewFIL4003,Home,1817,ViewFIL4003.估價燙金費,已建立,,
ViewFIL4004,Home,1818,ViewFIL4004.估價單明細,已建立,,
ViewFIL4010,Home,1819,ViewFIL4010.報價單主檔.B11,已建立,,
ViewFIL4011,Home,1820,ViewFIL4011.報價單明細,已建立,,
ViewFIL4012,Home,1821,ViewFIL4012.報價單平均,已建立,,
ViewFIL401A,Home,1822,ViewFIL401A.報價單合計,已建立,,
ViewFIL401B,Home,1823,ViewFIL401B.報價明細選擇表,已建立,,
ViewFIL4020,Home,1827,ViewFIL4020.客戶訂單主檔.B31,已建立,,
ViewFIL4021,Home,1828,ViewFIL4021.客戶訂單明細,已建立,,
ViewFIL402A,Home,1829,ViewFIL402A.客戶訂單合計,已建立,,
ViewFIL402B,Home,1830,ViewFIL402B.報價訂單合計,已建立,,
ViewFIL402C,Home,1831,ViewFIL402C.客戶訂單履歷,建立失敗,"relation ""viewfil404c4_v1"" does not exist",
ViewFIL402D,Home,1832,ViewFIL402D.客戶訂單回簽及佐證,已建立,,
ViewFIL402DA,Home,1833,ViewFIL402DA.回簽及佐證不簽回,已建立,,
ViewFIL402E,Home,1834,ViewFIL402E.訂單明細選擇表,已建立,,
ViewFIL402F,Home,1835,ViewFIL402F.送貨單主檔.B42,已建立,,
ViewFIL402G,Home,1836,ViewFIL402G.送貨單明細,已建立,,
ViewFIL402G1,Home,1837,ViewFIL402G1.送貨單發貨數,已建立,,
ViewFIL402H,Home,1838,ViewFIL402H.送貨單合計,已建立,,
ViewFIL402I,Home,1839,ViewFIL402I.退貨單主檔.B51,已建立,,
ViewFIL402J,Home,1840,ViewFIL402J.退貨單明細,已建立,,
ViewFIL402K,Home,1841,ViewFIL402K.退貨單合計,已建立,,
ViewFIL402L,Home,1842,ViewFIL402L.送貨寄庫主檔.B43,已建立,,
ViewFIL402M,Home,1843,ViewFIL402M.送貨寄庫明細,已建立,,
ViewFIL4030,Home,1846,ViewFIL4030.製令主檔.C11,已建立,,
ViewFIL4030A,Home,1850,ViewFIL4030A.製令主檔.C11舊單,已建立,,
ViewFIL4030_A,Home,1847,ViewFIL4030.製令主檔.C11_A,已建立,,
ViewFIL4030_B,Home,1848,ViewFIL4030.製令主檔.C11_B,已建立,,
ViewFIL4030_C,Home,1849,ViewFIL4030.製令主檔.C11_C報價,已建立,,
ViewFIL4031,Home,1851,ViewFIL4031.製令色順,已建立,,
ViewFIL4032,Home,1852,ViewFIL4032.製令加工別,已建立,,
ViewFIL4033,Home,1853,ViewFIL4033.製令膠水,已建立,,
ViewFIL4034,Home,1854,ViewFIL4034.製令變更.C21,已建立,,
ViewFIL4035,Home,1855,ViewFIL4035.變更序號,已建立,,
ViewFIL4036,Home,1856,ViewFIL4036.製造日期,已建立,,
ViewFIL403A,Home,1824,ViewFIL403A.工作指示.B21,已建立,,
ViewFIL403A1,Home,1825,ViewFIL403A1.工作指示用料明細,已建立,,
ViewFIL403B,Home,1826,ViewFIL403B.工作指示用料,已建立,,
ViewFIL4040,Home,1857,ViewFIL4040.生產排程檔.C31,建立失敗,COALESCE types character varying and integer cannot be matched,
ViewFIL4040M,Home,1858,ViewFIL4040M.生產排程彙總.C31,已建立,,
ViewFIL4040S,Home,1859,ViewFIL4040S.生產排程比較C31,已建立,,
ViewFIL4041,Home,1860,ViewFIL4041.製令每日機台排程數,已建立,,
ViewFIL4041A,Home,1861,ViewFIL4041A.製令製程排程數,已建立,,
ViewFIL4041B,Home,1862,ViewFIL4041B.製令日機台加工排,已建立,,
ViewFIL4041C,Home,1863,ViewFIL4041C.製令製程加工排,已建立,,
ViewFIL4042,Home,1864,ViewFIL4042.製令製程結構,已建立,,
VIEWFIL4043,Home,1865,ViewFIL4043.製令淋膜積層用料,已建立,,
ViewFIL4044,Home,1866,ViewFIL4044.製令製程選項,已建立,,
ViewFIL4045,Home,1867,ViewFIL4045.製令製程預排,已建立,,
ViewFIL4046,Home,1868,ViewFIL4046.製令用料明細,已建立,,
VIEWFIL4047,Home,1869,ViewFIL4047.製令用料彙總,已建立,,
VIEWFIL4048,Home,1870,ViewFIL4048.製令共版彙總,已建立,,
ViewFIL4048A,Home,1871,ViewFIL4048A.製令標籤,已建立,,
ViewFIL4048A1,Home,1872,ViewFIL4048A1.製令標籤無閥無鐵,已建立,,
ViewFIL4048A2,Home,1873,ViewFIL4048A2.製令標籤有氣閥,已建立,,
ViewFIL4048A3,Home,1874,ViewFIL4048A3.製令標籤有鐵條,已建立,,
ViewFIL4048A4,Home,1875,ViewFIL4048A4.製令標籤全部,已建立,,
ViewFIL4048A5,Home,1876,ViewFIL4048A5.製令單別標籤,已建立,,
ViewFIL4048A6,Home,1877,ViewFIL4048A6.製令單別最後標籤,已建立,,
ViewFIL4048AA,Home,1878,ViewFIL4048AA.製令用料需求明細,已建立,,
ViewFIL4048AB,Home,1879,ViewFIL4048AB.製令有共版,已建立,,
ViewFIL4048AC,Home,1880,ViewFIL4048AC.製令相關產編,已建立,,
ViewFIL4048AD,Home,1881,ViewFIL4048AD.製令用料清單,已建立,,
ViewFIL4048B,Home,1882,ViewFIL4048B.裁切標籤(簡版),已建立,,
ViewFIL4048B1,Home,1883,ViewFIL4048B1.裁切標籤全部,已建立,,
VIEWFIL4049,Home,1884,ViewFIL4049.生產排程用料明細,已建立,,
ViewFIL404A1,Home,1885,ViewFIL404A1.印刷日報主檔.C41,已建立,,
ViewFIL404A1A,Home,1886,ViewFIL404A1A.印刷日報看色.C41,已建立,,
ViewFIL404A1B,Home,1887,ViewFIL404A1B.印刷日報成本.C41,已建立,,
ViewFIL404A1C,Home,1888,ViewFIL404A1C.印刷日報簡檔.C41,已建立,,
ViewFIL404A2,Home,1889,ViewFIL404A2.印刷日報明細,已建立,,
ViewFIL404A2A,Home,1890,ViewFIL404A2A.印刷日報明細結餘,已建立,,
ViewFIL404A3,Home,1891,ViewFIL404A3.印刷油墨色順,已建立,,
ViewFIL404A3A,Home,1892,ViewFIL404A3A.印刷油墨領料,已建立,,
ViewFIL404A4,Home,1893,ViewFIL404A4.上蠟日報主檔.C32D,已建立,,
ViewFIL404A5,Home,1894,ViewFIL404A5.上蠟日報明細,已建立,,
ViewFIL404A5A,Home,1895,ViewFIL404A5A.上蠟日報合計_32D,已建立,,
ViewFIL404A6,Home,1896,ViewFIL404A6.版銅日報主檔.C41,已建立,,
ViewFIL404A7,Home,1897,ViewFIL404A7.版銅日報明細,已建立,,
ViewFIL404A8,Home,1898,ViewFIL404A8.製令版銅日報,已建立,,
ViewFIL404A9,Home,1899,ViewFIL404A9.版銅製令簽收,已建立,,
ViewFIL404AA,Home,1900,ViewFIL404AA.印刷日報合計_C31A,已建立,,
ViewFIL404AB,Home,1901,ViewFIL404AB.印刷日報筆數,已建立,,
ViewFIL404AC,Home,1902,ViewFIL404AC.印刷前製耗用_C31A,已建立,,
ViewFIL404AD,Home,1903,ViewFIL404AD.印刷製令合計_C31A,已建立,,
ViewFIL404AD1,Home,1904,ViewFIL404AD1.印刷單據合計,已建立,,
ViewFIL404AD2,Home,1905,ViewFIL404AD2.印刷主檔併合計,已建立,,
ViewFIL404AE,Home,1906,ViewFIL404AE.上蠟製令合計_C31A,已建立,,
ViewFIL404B1,Home,1907,ViewFIL404B1.淋膜日報主檔.C41,已建立,,
ViewFIL404B1A,Home,1908,ViewFIL404B1A.淋膜日報沿用,建立失敗,COALESCE types text and integer cannot be matched,
ViewFIL404B2,Home,1909,ViewFIL404B2.淋膜日報明細.,已建立,,
ViewFIL404B3,Home,1910,ViewFIL404B3.淋膜日報筆數,已建立,,
ViewFIL404BA,Home,1911,ViewFIL404BA.淋膜日報合計_C31B,已建立,,
ViewFIL404BB,Home,1912,ViewFIL404BB.淋膜前製耗用_C31B,已建立,,
ViewFIL404BD,Home,1913,ViewFIL404BD.淋膜製令合計_C31B,已建立,,
ViewFIL404BD1,Home,1914,ViewFIL404BD1.淋膜單據合計,已建立,,
ViewFIL404C1,Home,1915,ViewFIL404C1.積層日報主檔.C41,已建立,,
ViewFIL404C1A,Home,1916,ViewFIL404C1A.積層日報沿用,建立失敗,COALESCE types text and integer cannot be matched,
ViewFIL404C2,Home,1917,ViewFIL404C2.積層日報明細,已建立,,
ViewFIL404C3,Home,1918,ViewFIL404C3.積層日報筆數,已建立,,
ViewFIL404C4AA,Home,1921,ViewFIL404C4AA.已熟成,已建立,,
ViewFIL404C4AB,Home,1922,ViewFIL404C4AB.已冷鏈,建立失敗,column a.冷鏈狀態 does not exist,
ViewFIL404C4A_V1,Home,1920,ViewFIL404C4A_1.積層冷鏈室管制,建立失敗,"relation ""viewfil0012"" does not exist",
ViewFIL404C4A_V2,Home,1924,ViewFIL404C4A_2.積層冷鏈室(BI),建立失敗,"relation ""viewfil0012"" does not exist",
ViewFIL404C4_V1,Home,1919,ViewFIL404C4_V1.積層熟成室管制,建立失敗,"relation ""viewfil0012"" does not exist",
ViewFIL404C4_V2,Home,1923,ViewFIL404C4_V2.積層熟成室(BI),建立失敗,"relation ""viewfil0012"" does not exist",
ViewFIL404C5A_V1,Home,1926,ViewFIL404C5A_1.積層冷鏈室簡表,建立失敗,column a.冷鏈狀態 does not exist,
ViewFIL404C5_V1,Home,1925,ViewFIL404C5_V1.積層熟成室簡表,已建立,,
ViewFIL404CA,Home,1927,ViewFIL404CA.積層日報合計_C31C,已建立,,
ViewFIL404CB,Home,1928,ViewFIL404CB.積層前製耗用_C31C,已建立,,
ViewFIL404CC,Home,1929,ViewFIL404CC.前製製令機台每日,已建立,,
ViewFIL404CD,Home,1930,ViewFIL404CD.前製製令生產彙總,已建立,,
ViewFIL404CD0,Home,1931,ViewFIL404CD0.積層製令合計_31B,已建立,,
ViewFIL404CD1,Home,1932,ViewFIL404CD1.淋膜單據合計,已建立,,
ViewFIL404D1,Home,1933,ViewFIL404D1.裁切日報主檔.C41,已建立,,
ViewFIL404D2,Home,1934,ViewFIL404D2.裁切日報明細,已建立,,
ViewFIL404D3,Home,1935,ViewFIL404D3.裁切日報明細結餘,已建立,,
ViewFIL404DA,Home,1936,ViewFIL404DA.裁切日報合計_C31D,已建立,,
ViewFIL404DA1,Home,1937,ViewFIL404DA1.裁切製令合計,已建立,,
ViewFIL404DB,Home,1938,ViewFIL404DB.裁切日報捲數_C31D,已建立,,
ViewFIL404DC,Home,1939,ViewFIL404DC.裁切日報彙總_C31D,建立失敗,"table name ""m"" specified more than once",
ViewFIL404DD,Home,1940,ViewFIL404DD.裁切日報報廢_C31D,已建立,,
ViewFIL404DE,Home,1941,ViewFIL404DE.裁切製令彙總_C31D,已建立,,
ViewFIL404E1,Home,1942,ViewFIL404E1.製袋日報主檔.C41,已建立,,
ViewFIL404E1A,Home,1944,ViewFIL404E1A.製袋目前製令.C41,已建立,,
ViewFIL404E1_B,Home,1943,ViewFIL404E1.製袋日報主檔.C41B,已建立,,
ViewFIL404E1_C,Home,1945,ViewFIL404E1C.製袋製令箱數.C41,已建立,,
ViewFIL404E1_D,Home,1946,ViewFIL404E1D.製袋日報主檔.C41,已建立,,
ViewFIL404E2,Home,1947,ViewFIL404E2.製袋日報明細,已建立,,
ViewFIL404E2_A,Home,1948,ViewFIL404E2A.製袋日報明細_A,已建立,,
ViewFIL404E2_B,Home,1949,ViewFIL404E2B.製袋日報明細_B,已建立,,
ViewFIL404E3,Home,2044,ViewFIL404E3.成品異動明細,已建立,,
ViewFIL404E3_S,Home,2045,ViewFIL404E3_S.成品異動明細,已建立,,
ViewFIL404E3_S1,Home,2046,ViewFIL404E3_S1.成品異動品檢前,已建立,,
ViewFIL404E3_S2,Home,2047,ViewFIL404E3_S2.成品異動狀態,已建立,,
ViewFIL404E3_S3,Home,2048,ViewFIL404E3_S3.成品箱號對照,已建立,,
ViewFIL404E3_S4,Home,2049,ViewFIL404E3_S4.異動檔(含調整),已建立,,
ViewFIL404E3_S5,Home,2050,ViewFIL404E3_S5.異動檔(來源),已建立,,
ViewFIL404E3_S6,Home,2051,ViewFIL404E3_S6.製令箱號,已建立,,
ViewFIL404E4,Home,2065,ViewFIL404E4.成品異動合計,已建立,,
ViewFIL404E4_S,Home,2053,ViewFIL404E4_S.成品製程狀態,已建立,,
ViewFIL404E4_S1,Home,2054,ViewFIL404E4_S1.成品品檢前合計,已建立,,
ViewFIL404E4_T,Home,2061,ViewFIL404E4_T.成品數量合計,已建立,,
ViewFIL404E4_T1,Home,2062,ViewFIL404E4_T1.成品結存數,已建立,,
ViewFIL404E4_T2,Home,2056,ViewFIL404E4_T2.成品氣閥重量,已建立,,
ViewFIL404E4_T3,Home,2057,ViewFIL404E4_T3.成品鐵條重量,已建立,,
ViewFIL404E4_T4,Home,2058,ViewFIL404E4_T4.成品異動重量,已建立,,
ViewFIL404E4_T5,Home,2059,ViewFIL404E4_T5.成品重工重量,已建立,,
ViewFIL404E4_T6,Home,2060,ViewFIL404E4_T6.成品品檢重量,已建立,,
ViewFIL404E4_T7,Home,2063,ViewFIL404E4_T7.成品庫存合計,已建立,,
ViewFIL404E4_T8,Home,2064,ViewFIL404E4_T8.成品批號,已建立,,
ViewFIL404E5,Home,2066,ViewFIL404E5.成品製令合計,已建立,,
ViewFIL404E6,Home,2067,ViewFIL404E6.成品製令分項,已建立,,
ViewFIL404E7,Home,2068,ViewFIL404E7.製袋平均重量,已建立,,
ViewFIL404E71,Home,2069,ViewFIL404E71.製袋批號首筆重,已建立,,
ViewFIL404E72A,Home,2070,ViewFIL404E72A.製袋每日產量,已建立,,
ViewFIL404E73,Home,2071,ViewFIL404E73.製袋平均磅重,已建立,,
ViewFIL404E74,Home,2072,ViewFIL404E74.製袋製令合計,已建立,,
ViewFIL404E75,Home,2073,ViewFIL404E75.成品批號平均重量,已建立,,
ViewFIL404E8,Home,2074,ViewFIL404E8.品檢平均重量,已建立,,
ViewFIL404E81,Home,2075,ViewFIL404E81.箱號異動首筆重,已建立,,
ViewFIL404EA,Home,1951,ViewFIL404EA.製袋日報合計_C31E,已建立,,
ViewFIL404EB,Home,1952,ViewFIL404EB.製袋日報業務員,已建立,,
ViewFIL404EC,Home,1953,ViewFIL404EC.製袋日報分析主檔,已建立,,
ViewFIL404ED,Home,1954,ViewFIL404ED.製袋日報分析明細,建立失敗,operator does not exist: text * integer,
ViewFIL404EE,Home,1955,ViewFIL404EE.製袋日報分析工時,已建立,,
ViewFIL404EF,Home,1956,ViewFIL404EF.製袋日報分析人員,已建立,,
ViewFIL404EG,Home,1957,ViewFIL404EG.製袋日報檢查次數,已建立,,
ViewFIL404EH,Home,1958,ViewFIL404EH.製袋每日員工工時,建立失敗,"relation ""viewfil404ed"" does not exist",
ViewFIL404F1,Home,1959,ViewFIL404F1.氣閥日報主檔.C41,已建立,,
ViewFIL404F2,Home,1960,ViewFIL404F2.氣閥日報明細,已建立,,
ViewFIL404F3,Home,1961,ViewFIL404F3.氣閥袋重明細,已建立,,
ViewFIL404F4,Home,1962,ViewFIL404F4.氣閥袋重報廢,已建立,,
ViewFIL404FA,Home,1963,ViewFIL404FA.氣閥日報合計_C31F,已建立,,
ViewFIL404FB,Home,1964,ViewFIL404FB.氣閥日報分析主檔,已建立,,
ViewFIL404FC,Home,1965,ViewFIL404FC.氣閥日報分析明細,建立失敗,operator does not exist: text * integer,
ViewFIL404FD,Home,1966,ViewFIL404FD.氣閥日報分析合併,已建立,,
ViewFIL404FE,Home,1967,ViewFIL404FE.氣閥日報彙總_C31F,已建立,,
ViewFIL404F_G,Home,1975,ViewFIL404F_G.氣閥鐵條作業人員,已建立,,
ViewFIL404G1,Home,1968,ViewFIL404G1.鐵條日報主檔.C41,已建立,,
ViewFIL404G2,Home,1970,ViewFIL404G2.鐵條日報明細,已建立,,
ViewFIL404G3,Home,1969,ViewFIL404G3.鐵條袋重明細,已建立,,
ViewFIL404GA,Home,1971,ViewFIL404GA.鐵條日報合計_C31G,已建立,,
ViewFIL404GB,Home,1972,ViewFIL404GB.鐵條日報分析主檔,已建立,,
ViewFIL404GC,Home,1973,ViewFIL404GC.鐵條日報分析明細,建立失敗,operator does not exist: text * integer,
ViewFIL404GE,Home,1974,ViewFIL404GE.鐵條日報彙總_C31G,已建立,,
ViewFIL404H1,Home,1976,ViewFIL404H1.印檢日報主檔.C41,已建立,,
ViewFIL404H2,Home,1977,ViewFIL404H2.印檢日報明細_C31H,已建立,,
ViewFIL404H3,Home,1978,ViewFIL404H3.印檢製令日報,已建立,,
ViewFIL404I1,Home,1979,ViewFIL404I1.裁檢日報主檔.C41,已建立,,
ViewFIL404I2,Home,1980,ViewFIL404I2.裁檢日報明細_C31K,已建立,,
ViewFIL404I3,Home,1981,ViewFIL404I3.裁檢製令日報,已建立,,
ViewFIL404J1,Home,1982,ViewFIL404J1.製令送簽主檔,已建立,,
ViewFIL404K1,Home,1983,ViewFIL404K1.成捲日報主檔.C31I,已建立,,
ViewFIL404K2,Home,1984,ViewFIL404K2.成捲日報合計_C31I,已建立,,
ViewFIL404K3,Home,1986,ViewFIL404K3.成捲細分_C31I,已建立,,
ViewFIL404K4,Home,1985,ViewFIL404K4.成捲最後箱號_C311,已建立,,
ViewFIL404K5,Home,1987,ViewFIL404K5.成捲製令捲數_C31I,已建立,,
ViewFIL404K6,Home,1988,ViewFIL404K6.成捲製令箱號_C31I,已建立,,
ViewFIL404K7,Home,1989,ViewFIL404K7.成捲批號庫存,已建立,,
ViewFIL404K8,Home,1990,ViewFIL404K8.成捲製令庫存,已建立,,
ViewFIL404Z1,Home,1991,ViewFIL404Z1.製程機台日報筆數,已建立,,
ViewFIL404Z2,Home,1992,ViewFIL404Z2.生產日報全部單號,已建立,,
ViewFIL404Z3,Home,1993,ViewFIL404Z3.機台材料領用明細,已建立,,
ViewFIL404Z4,Home,1994,ViewFIL404Z4.機台材料領用合計,已建立,,
ViewFIL404Z5,Home,1995,ViewFIL404Z5.批號領用合計,已建立,,
ViewFIL404Z7,Home,1996,ViewFIL404Z7.機台材料報廢明細,已建立,,
ViewFIL404Z8,Home,1997,ViewFIL404Z8.機台材料報廢合計,已建立,,
ViewFIL404Z9,Home,1998,ViewFIL404Z9.印刷油墨領用明細,已建立,,
ViewFIL404ZA,Home,1999,ViewFIL404ZA.印刷油墨領用合計,已建立,,
ViewFIL404ZB,Home,2000,ViewFIL404ZB.印刷批號領用耗用,已建立,,
ViewFIL404ZC,Home,2001,ViewFIL404ZC.日報製令生產日期,已建立,,
ViewFIL404ZD,Home,2002,ViewFIL404ZD.裁切製造日期,已建立,,
ViewFIL404ZE,Home,2003,ViewFIL404ZE.製令最後製造日,已建立,,
ViewFIL404ZE_A,Home,2004,ViewFIL404ZE_A.製令箱最後製日,已建立,,
ViewFIL404ZF,Home,2005,ViewFIL404ZF.機台材料別彙總,已建立,,
ViewFIL404ZF_A,Home,2006,ViewFIL404ZF_A.機台主檔別彙總,已建立,,
ViewFIL404ZG,Home,2007,ViewFIL404ZG.前製程半成品退庫,已建立,,
ViewFIL404ZH,Home,2008,ViewFIL404ZH前製半成品退庫合計,已建立,,
ViewFIL404ZI,Home,2009,ViewFIL404ZI.製令起迄耗時,已建立,,全形括號改為半形（原 SQL 在 Oracle 應該也無法執行）
ViewFIL404ZJ,Home,2010,ViewFIL404ZJ.製令起迄耗時彙總,已建立,,全形括號改為半形（原 SQL 在 Oracle 應該也無法執行）
ViewFIL404ZK,Home,2011,"ViewFIL404ZK,製令產量明細",已建立,,全形括號改為半形（原 SQL 在 Oracle 應該也無法執行）
ViewFIL404ZL,Home,2012,"ViewFIL404ZL,製令產量彙總",已建立,,全形括號改為半形（原 SQL 在 Oracle 應該也無法執行）
ViewFIL404ZM,Home,2013,"ViewFIL404ZM,後製程產量彙總",已建立,,
ViewFIL404ZN,Home,2014,"ViewFIL404ZN,製令製程備註",已建立,,
ViewFIL404ZO,Home,2015,ViewFil404ZO.製令日報人員費用,已建立,,
ViewFIL404ZP,Home,2016,ViewFil404ZP.製令日報費用,已建立,,
ViewFIL404ZQ,Home,2017,ViewFil404ZQ.製令日報入庫數,已建立,,全形括號改為半形（原 SQL 在 Oracle 應該也無法執行）
ViewFIL404ZR,Home,2018,ViewFil404ZR.成品總標籤明細,已建立,,
ViewFIL404ZS,Home,2019,ViewFil404ZS.成品總標籤,已建立,,
ViewFIL4050,Home,2020,ViewFIL4050.原物料請領主檔.C4L,建立失敗,"relation ""viewfil0012"" does not exist",
ViewFIL4051,Home,2021,ViewFIL4051.原物料請領明細,已建立,,
ViewFIL405A,Home,2022,ViewFIL405A.原物料請領合計,已建立,,
ViewFIL405B,Home,2023,ViewFIL405B.原物料請領製令合計,已建立,,
ViewFIL4060,Home,2024,ViewFIL4060.原物料領料主檔.C4M,建立失敗,"relation ""viewfil0012"" does not exist",
ViewFIL4061,Home,2025,ViewFIL4061.原物料領料明細,已建立,,
ViewFIL406A,Home,2026,ViewFIL406A.原物料領料合計,已建立,,
ViewFIL408B,Home,2027,ViewFIL408B.請領發料合計,已建立,,
ViewFIL408C,Home,2028,ViewFIL408C.請領單發料數,已建立,,
ViewFIL4090,Home,2029,ViewFIL4090.各製程生產製令數,建立失敗,column c.製程代碼 does not exist,
ViewFIL4101,Home,2034,ViewFIL4101.製袋巡檢表.C47,已建立,,
ViewFIL4102,Home,2035,ViewFIL4102.製袋巡檢次數,已建立,,
ViewFIL4111,Home,2036,ViewFIL4111.氣閥巡檢表.C45,已建立,,
ViewFIL4112,Home,2037,ViewFIL4112.氣閥巡檢次數,已建立,,
ViewFIL4121,Home,2038,ViewFIL4121.鐵條巡檢表.C46,已建立,,
ViewFIL4122,Home,2039,ViewFIL4122.鐵條巡檢次數,已建立,,
ViewFIL4201,Home,2040,ViewFIL4201.成品檢驗記錄表.C48,已建立,,
ViewFIL4202,Home,2041,ViewFIL4202.出廠檢驗報告.C44,已建立,,
ViewFIL4301,Home,2042,ViewFIL4301.成品檢驗記錄表.C49,已建立,,
ViewFIL4302,Home,2043,ViewFIL4302.出廠檢驗報告.C43,已建立,,
ViewFIL4A00,Home,2149,ViewFIL4A00.請購單主檔.D01,已建立,,
ViewFIL4A01,Home,2150,ViewFIL4A01.請購單明細,已建立,,
ViewFIL4A0A,Home,2151,ViewFIL4A0A.請購單合計,已建立,,
ViewFIL4A10,Home,2152,ViewFIL4A10.採購單主檔.D11,已建立,,
ViewFIL4A11,Home,2153,ViewFIL4A11.採購單明細,已建立,,
ViewFIL4A1A,Home,2154,ViewFIL4A1A.採購單合計,已建立,,
ViewFIL4A1B,Home,2155,ViewFIL4A1B.請購採購數,已建立,,
ViewFIL4A1C,Home,2156,ViewFIL4A1C.請購採購數by單號,已建立,,
ViewFIL4A1D,Home,2157,ViewFIL4A1D.採購廠商出貨明細,已建立,,
ViewFIL4A1E,Home,2158,ViewFIL4A1E.採購廠商出貨合計,已建立,,
ViewFIL4A1EA,Home,2159,ViewFIL4A1EA.採購平台廠商出貨,已建立,,
ViewFIL4A1EB,Home,2160,ViewFIL4A1EB.採購廠商出貨小計,已建立,,
ViewFIL4A1F,Home,2161,ViewFIL4A1F.採購預交日單號,已建立,,全形括號改為半形（原 SQL 在 Oracle 應該也無法執行）
ViewFIL4A20,Home,2162,ViewFIL4A20.進料單主檔.D21,已建立,,
ViewFIL4A21,Home,2163,ViewFIL4A21.進料單明細,已建立,,
ViewFIL4A2A,Home,2164,ViewFIL4A2A.進料單發票合計,已建立,,
ViewFIL4A2B,Home,2165,ViewFIL4A2B.採購進料數,已建立,,
ViewFIL4A2C,Home,2166,ViewFIL4A2C.採購進料額,已建立,,
ViewFIL4A30,Home,2167,ViewFIL4A30.進料檢驗單主檔.D31,已建立,,
ViewFIL4A31,Home,2168,ViewFIL4A31.進料檢驗單明細,已建立,,
ViewFIL4A3A,Home,2169,ViewFIL4A3A.進料檢驗單合計,已建立,,
ViewFIL4A40,Home,2170,ViewFIL4A40.退料單主檔.D41,已建立,,
ViewFIL4A41,Home,2171,ViewFIL4A41.退料單明細,已建立,,
ViewFIL4A4A,Home,2172,ViewFIL4A4A.退料單合計,已建立,,
ViewFIL4A4B,Home,2173,ViewFIL4A4B.採購進退驗數,已建立,,
ViewFIL4A4C,Home,2174,ViewFIL4A4C.批號退料數,執行錯誤,FULL JOIN is only supported with merge-joinable or hash-joinable join conditions,
ViewFIL4A4D,Home,2175,ViewFIL4A4D.批號委外數,已建立,,
ViewFIL4A4E,Home,2176,ViewFIL4A4E.批號異動數,已建立,,
ViewFIL4A4F,Home,2177,ViewFIL4A4F.客供品主檔.D51,已建立,,
ViewFIL4A4G,Home,2178,ViewFIL4A4G.客供品明細,已建立,,
ViewFIL4A4H,Home,2179,ViewFIL4A4H.客供品合計,已建立,,
ViewFIL4A4I,Home,2180,ViewFIL4A4I.客供品退料主檔.D52,已建立,,
ViewFIL4A4J,Home,2181,ViewFIL4A4J.客供品退料明細,已建立,,
ViewFIL4A4K,Home,2182,ViewFIL4A4K.客供品退料合計,已建立,,
ViewFIL4A4L,Home,2183,ViewFIL4A4L.客供品料號,已建立,,
ViewFIL5001,Home,2268,ViewFIL5001.PLC機台位置,已建立,,
ViewFIL5002,Home,2269,ViewFIL5002.PLC製令清單,已建立,,
ViewFILA001,Home,2186,ViewFILA001.訂單進度表,已建立,,
ViewFILA010,Home,2187,ViewFILA010.採購進度表,已建立,,
ViewFILE010,Home,2190,ViewFILE010.原物料入庫主檔.E11,已建立,,
ViewFILE011,Home,2191,ViewFILE011.原物料入庫明細,已建立,,
ViewFILE01A,Home,2192,ViewFILE01A.原物料入庫合計,已建立,,
ViewFILE01B,Home,2193,ViewFILE01B.廠商批號對照,已建立,,
ViewFILE01C,Home,2194,ViewFILE01C.原物料入庫沖銷.E11,已建立,,
ViewFILE020,Home,2195,ViewFILE020.調整單主檔.E12,已建立,,
ViewFILE021,Home,2196,ViewFILE021.調整單明細,已建立,,
ViewFILE025,Home,2197,ViewFILE025.裁切材料主檔.E13,已建立,,
ViewFILE026,Home,2198,ViewFILE026.裁切材料明細,已建立,,
ViewFILE027,Home,2199,ViewFILE027.裁切材料合計,已建立,,
ViewFILE02A,Home,2200,ViewFILE02A.調整單合計,已建立,,
ViewFILE02B,Home,2201,ViewFILE02B.裁切調整主檔.E22,已建立,,
ViewFILE02C,Home,2202,ViewFILE02C.裁切調整明細,已建立,,
ViewFILE02D,Home,2203,ViewFILE02D.裁切調整單合計,已建立,,
ViewFILE02H,Home,2204,ViewFILE02H.裁切入庫主檔.E23,已建立,,
ViewFILE02I,Home,2205,ViewFILE02I.裁切入庫明細,已建立,,
ViewFILE02J,Home,2206,ViewFILE02J.裁切入庫單合計,已建立,,
ViewFILE02K,Home,2219,ViewFILE02K.半成品入庫主檔.E24,已建立,,
ViewFILE02L,Home,2220,ViewFILE02L.半成品入庫明細,已建立,,
ViewFILE02M,Home,2221,ViewFILE02M.半成品入庫合計,已建立,,
ViewFILE030,Home,2076,ViewFILE030.箱號異動主檔.E32,已建立,,
ViewFILE031,Home,2077,ViewFILE031.箱號異動明細,已建立,,
ViewFILE032,Home,2078,ViewFILE032.箱號異動合計,已建立,,
ViewFILE032A,Home,2079,ViewFILE032A.箱號異動平均重量,已建立,,
ViewFILE033,Home,2080,ViewFILE033.成品重工主檔.E33,建立失敗,"table name ""z1"" specified more than once",
ViewFILE034,Home,2081,ViewFILE034.成品重工明細,已建立,,
ViewFILE035,Home,2082,ViewFILE035.成品重工合計,已建立,,
ViewFILE035A,Home,2083,ViewFILE035A.重工平均重量,已建立,,
ViewFILE036,Home,2084,ViewFILE036.成品出廠主檔.E35,已建立,,
ViewFILE037,Home,2085,ViewFILE037.成品出廠明細,已建立,,
ViewFILE038,Home,2086,ViewFILE038.成品出廠合計,已建立,,
VIEWFILE039,Home,2087,ViewFILE039.成品品檢主檔.E37,已建立,,
ViewFILE039A,Home,2088,ViewFILE039A.成品品檢主檔客編,已建立,,
ViewFILE03A,Home,2089,ViewFILE03A.成品品檢明細,已建立,,
ViewFILE03B,Home,2090,ViewFILE03B.成品品檢合計(嘜頭),已建立,,
ViewFILE03C,Home,2091,ViewFILE03C.成品調整平均重量,已建立,,
ViewFILE03D,Home,2092,ViewFILE03D.成品平均重量,已建立,,
ViewFILE03E,Home,2093,ViewFILE03E.成品批號庫存,已建立,,
ViewFILE03F,Home,2094,ViewFILE03F.成品批號庫存彙總,已建立,,
ViewFILE040,Home,2095,ViewFILE040.貨櫃號碼主檔.E38,已建立,,
ViewFILE041,Home,2096,ViewFILE041.貨櫃號碼明細,已建立,,
ViewFILE042,Home,2097,ViewFILE042.貨櫃製令合計,已建立,,
ViewFILE043,Home,2098,ViewFILE043.貨櫃號碼合計,已建立,,
ViewFILE044,Home,2099,ViewFILE044.嘜頭製令合計,已建立,,
ViewFILE045,Home,2100,ViewFILE045.貨櫃明細(B)INV,已建立,,
ViewFILE046,Home,2101,ViewFILE046.貨櫃合計(B)INV,已建立,,
ViewFILF010,Home,2104,ViewFILF010.委外加工主檔.F11,已建立,,
ViewFILF011,Home,2105,ViewFILF011.委外加工明細,已建立,,
ViewFILF012,Home,2106,ViewFILF012.委外加工合計,已建立,,
ViewFILF013,Home,2107,ViewFILF013.委外批號填表日,已建立,,
ViewFILF014,Home,2108,ViewFILF014.委外加工生產數,已建立,,
ViewFILF015,Home,2109,ViewFILF015.委外製令填表日,已建立,,
ViewFILF016,Home,2110,ViewFILF016.委外加工生產明細,已建立,,
ViewFILF020,Home,2111,ViewFILF020.委外回廠主檔.F21,已建立,,
ViewFILF021,Home,2112,ViewFILF021.委外回廠明細,已建立,,
ViewFILF022,Home,2113,ViewFILF022.委外回廠合計,已建立,,
ViewFILF030,Home,2114,ViewFILF030.庫存盤點主檔.F31,已建立,,
ViewFILF031,Home,2115,ViewFILF031.庫存盤點明細,已建立,,
ViewFILF031A,Home,2116,ViewFILF031A.庫存盤點明細簡表,已建立,,
ViewFILF032,Home,2117,ViewFILF032.庫存盤點合計,已建立,,
ViewFILF040,Home,2118,ViewFILF040.盤點調整主檔.F32,已建立,,
ViewFILF041,Home,2119,ViewFILF041.盤點調整明細,已建立,,
ViewFILF042,Home,2120,ViewFILF042.盤點調整合計,已建立,,
ViewFILF050,Home,2121,ViewFILF050.版銅送修出廠H.F33,已建立,,
ViewFILF051,Home,2122,ViewFILF051.版銅送修出廠,已建立,,
ViewFILF052,Home,2123,ViewFILF052.版銅送修合計,已建立,,
ViewFILF053,Home,2124,ViewFILF053.版銅送修出庫H.F34,已建立,,
ViewFILF054,Home,2125,ViewFILF054.版銅送修出庫,已建立,,
ViewFILF055,Home,2126,ViewFILF055.版銅出庫合計,已建立,,
ViewFILF061,Home,2127,ViewFILF061.期初庫存主檔.F35,已建立,,
ViewFILF062,Home,2128,ViewFILF062.期初庫存明細,已建立,,
ViewFILF063,Home,2129,ViewFILF063.期初庫存合計,已建立,,
ViewFILF0W0,Home,2130,ViewFILF0W0.委外半成品結存檔,已建立,,
ViewFILF0W1,Home,2131,ViewFILF0W1.委外半成品異動檔,已建立,,
ViewFILF0W3,Home,2132,ViewFILF0W3.委外原物料異動檔,已建立,,
ViewFILF0W3A,Home,2133,ViewFILF0W3A.委外原物料異動檔,已建立,,
ViewFILF0W3B,Home,2134,ViewFILF0W3B.委外原物料異動檔,已建立,,
ViewFILF0W3C,Home,2135,ViewFILF0W3C.委外原物料批號檔,已建立,,
ViewFILF0W3D,Home,2136,ViewFILF0W3D.委外原物料預估檔,已建立,,
ViewFILF0W4,Home,2137,ViewFILF0W4.委外原物枓結存檔,已建立,,
ViewFILF0W4A,Home,2138,ViewFILF0W4A.委外原物料結存檔,已建立,,
ViewFILF0W4B,Home,2139,ViewFILF0W4B.委外原物料結存檔,已建立,,
ViewFILF0W4B_1,Home,2140,ViewFILF0W4B1.委外原物料結存檔,已建立,,
ViewFILF0W4B_2,Home,2141,ViewFILF0W4B2.委外原物料結存檔,已建立,,
ViewFILF0W4B_3,Home,2142,ViewFILF0W4B3.委外原物料結存檔,已建立,,
ViewFILF0W4B_4,Home,2143,ViewFILF0W4B4.委外原物料結存檔,已建立,,
ViewFILF0W5,Home,2144,ViewFILF0W5.委外批號工站結存檔,已建立,,
ViewFILF0W5A,Home,2145,ViewFILF0W5A.委外批號工站結存,已建立,,
ViewFILF0W6,Home,2146,ViewFILF0W6.委外批號彙總結存檔,已建立,,
ViewFILH001,Home,2276,ViewFILH001.請假申請單.H01,已建立,,
ViewFILH002,Home,2277,ViewFILH002.特休排定表.H02,已建立,,
ViewFILH003,Home,2278,ViewFILH003.員工排休表,已建立,,
ViewFILH004,Home,2279,ViewFILH004.加班費主檔.H03,已建立,,
ViewFILH005,Home,2280,ViewFILH005.加班費明細,已建立,,
ViewFILH005A,Home,2281,ViewFILH005A.每日加班費(已簽),已建立,,
ViewFILH005B,Home,2282,ViewFILH005B.每日加班費(教育),已建立,,
ViewFILH005C,Home,2283,ViewFILH005C.氣閥計件加班,已建立,,
ViewFILH006,Home,2284,ViewFILH006.加班費合計,已建立,,
ViewFILH006A,Home,2285,ViewFILH006A.加班日筆數,已建立,,
VIEWFILH007,Home,2286,ViewFILH007.出缺勤日結.H04,已建立,,
VIEWFILH008,Home,2287,ViewFILH008.出缺勤月結.H04,已建立,,
ViewFILH009,Home,2288,ViewFILH009.加班說明,已建立,,
ViewFILH010,Home,2289,ViewFILH010.員工假別月統計,已建立,,
ViewFILH011,Home,2290,ViewFILH011.員工假別年統計,已建立,,
ViewFILH012,Home,2291,ViewFILH012.員工每日請假時數,已建立,,
ViewFILH012A,Home,2292,ViewFILH012A.員工日請假含未核,已建立,,
ViewFILH013,Home,2293,ViewFILH013.員工當次請假時數,已建立,,
ViewFILH014,Home,2294,ViewFILH014.員工伙食請假日數,已建立,,
ViewFILH015,Home,2295,ViewFILH015.員工每月請假扣支,已建立,,
ViewFILH016,Home,2296,ViewFILH016.每月假日天數,已建立,,
ViewFILH017,Home,2297,ViewFILH017.員工每月加班,已建立,,
ViewFILH018,Home,2298,ViewFILH018.出勤調整單.H05,已建立,,
VIEWFILH019,Home,2299,ViewFILH019.每日請假清單,已建立,,
VIEWFILH021,Home,2301,ViewFILH021.每日加班一,已建立,,
VIEWFILH022,Home,2302,ViewFILH022.每月加班一,已建立,,
ViewFILH023,Home,2303,ViewFILH023.費用申請主檔.H11,已建立,,
ViewFILH024,Home,2304,ViewFILH024.費用申請明細,已建立,,
ViewFILH025,Home,2305,ViewFILH025.費用申請合計,已建立,,
ViewFILH026,Home,2306,ViewFILH026.月計件彙總,已建立,,重複的資料表別名已改名
ViewFILH027,Home,2307,ViewFILH027.年計件彙總,已建立,,重複的資料表別名已改名
ViewFILH030,Home,2308,ViewFILH030.薪資清單.H21,已建立,,
ViewFILH031,Home,2309,ViewFILH031.車馬費.H22,已建立,,
ViewFILH032,Home,2310,ViewFILH032.加班2及計件.H23,已建立,,
ViewFILH033,Home,2311,ViewFILH033.計件工資明細,已建立,,重複的資料表別名已改名
ViewFILHS01,Home,2272,ViewFILHS01.個人薪資主檔,已建立,,
ViewFILHS02,Home,2273,ViewFILHS02.月薪資彙總,已建立,,
ViewFILHS03,Home,2274,ViewFILHS03.年薪資彙總,已建立,,
VIEWFILM000S,Home,2208,ViewFILM000S.料碼最後倉位,已建立,,
ViewFILM001,Home,2222,ViewFILM001.材料月異動數,已建立,,
ViewFILM005,Home,2223,ViewFILM005.材料月庫存數,已建立,,
ViewFILM006,Home,2224,ViewFILM006.不分倉庫存數(含負),已建立,,
ViewFILM006A,Home,2244,ViewFILM006A.不分倉庫存(含負),已建立,,
ViewFILM007,Home,2225,ViewFILM007.不分月庫存數,已建立,,
ViewFILM007A,Home,2245,ViewFILM007A.不分月庫存數,已建立,,
ViewFILM007_WK,Home,2226,ViewFILM007.不分月庫存數_WK,已建立,,
ViewFILM008,Home,2227,ViewFILM008.不分倉庫存數(唯正),已建立,,
ViewFILM008A,Home,2246,ViewFILM008A.不分倉庫存(唯正),已建立,,
ViewFILM008H,Home,2239,ViewFILM008H.不分倉庫存數,建立失敗,"relation ""viewfilm018h"" does not exist",
ViewFILM008H_WK,Home,2240,ViewFILM008H_WK.不分倉庫存數,已建立,,
ViewFILM008S,Home,2213,ViewFILM008S.材料庫存數不分倉,已建立,,
ViewFILM008SA,Home,2215,ViewFILM008SA.材料庫存數分倉,已建立,,
ViewFILM008SC,Home,2216,ViewFILM008SC.紙箱/管庫存數,已建立,,
ViewFILM008S_WK,Home,2214,ViewFILM008S_WK.材料庫存數,已建立,,
ViewFILM011,Home,2228,ViewFILM011.材料月異動數(批號),已建立,,
ViewFILM015,Home,2229,ViewFILM015.材料月庫存數(批號),已建立,,
ViewFILM016,Home,2230,ViewFILM016.不分倉庫存數(批號),已建立,,
ViewFILM016A,Home,2247,ViewFILM016A.不分倉庫存(批號),已建立,,
ViewFILM017,Home,2231,ViewFILM017.不分倉(料號＋批號),已建立,,
ViewFILM017A,Home,2243,ViewFILM017A.不分倉(料/批號),已建立,,
ViewFILM017H,Home,2238,ViewFILM017H.不分倉批號(H),建立失敗,"relation ""viewfilm018h"" does not exist",
ViewFILM017S,Home,2236,ViewFILM017S.不分倉批號(S),已建立,,
ViewFILM017SA,Home,2237,ViewFILM017SA.條碼庫存,已建立,,
ViewFILM018,Home,2232,ViewFILM018.不分倉批號異動檔,已建立,,
ViewFILM018A,Home,2233,ViewFILM018A.製/裁材料異動檔,已建立,,
ViewFILM018A0,Home,2234,ViewFILM018A0.製/裁半成品領用,已建立,,
ViewFILM018A1,Home,2235,ViewFILM018A1.製/裁半成品領退,已建立,,
VIEWFILM018H,Home,2217,ViewFILM018H.半成品碼庫存異動,失敗,轉換失敗：PostgreSQL does not support IGNORE NULLS.,
ViewFILM018S,Home,2209,ViewFILM018S.料碼庫存異動,已建立,,
ViewFILM018SA,Home,2210,ViewFILM018SA.條碼領退清單,已建立,,移除 GROUP BY 中的常數；移除 GROUP BY 中的常數；移除 GROUP BY 中的常數；移除 GROUP BY 中的常數
ViewFILM018SB,Home,2211,ViewFILM018SB.條碼退庫明細,已建立,,
ViewFILM018SC,Home,2212,ViewFILM018SC.條碼日報領退,已建立,,
ViewFILM019,Home,2241,ViewFILM019.分倉批號庫存,已建立,,
ViewFILM019A,Home,2248,ViewFILM019A.分倉批號庫存,已建立,,
ViewFILM020A,Home,2249,ViewFILM020A.分倉批號前月庫存,已建立,,移除 GROUP BY 中的常數
ViewFILM021A,Home,2250,ViewFILM021A.製程人工時,已建立,,
ViewFILM022A,Home,2251,ViewFILM022A.總人工時,已建立,,
ViewFILM101,Home,2253,ViewFILM101.材料庫存異動明細,已建立,,
ViewFILM102,Home,2254,ViewFILM102.材料庫存月彙總,已建立,,
ViewFILM103,Home,2255,ViewFILM103.材料庫存月料號,已建立,,
ViewFILM104,Home,2256,ViewFILM104.材料進耗存月彙總,已建立,,
ViewFILM105,Home,2257,ViewFILM105.材料製程領用月彙總,已建立,,
ViewFILM106,Home,2258,ViewFILM106.材料單別領用彙總,已建立,,
ViewFILM111,Home,2259,ViewFILM111.客供品庫存異動明細,已建立,,
ViewFILM112,Home,2260,ViewFILM112.客供品庫存月彙總,已建立,,
ViewFILM113,Home,2261,ViewFILM113.客供品庫存月料號,已建立,,
ViewFILM201,Home,2262,ViewFILM201.日報人員耗時,已建立,,
ViewFILM202,Home,2263,ViewFILM202.製程直接人工(實薪),已建立,,
ViewFILM203,Home,2264,ViewFILM203.日報人員製令,已建立,,
ViewFILM204,Home,2265,ViewFILM204.製程人工時費用,已建立,,
ViewFILR001,Home,2316,ViewFILR001.客訴單主檔.R01,已建立,,
ViewFILR002,Home,2318,ViewFILR002.客訴單明細,已建立,,
ViewFILR010,Home,2319,ViewFILR010.品質異常單主檔.R02,已建立,,
ViewFILR010D,Home,2320,ViewFILR010D.品質異常單明細,已建立,,
ViewFILR011,Home,2317,ViewFILR011.客訴單主檔.R11,已建立,,
ViewFILR012,Home,2321,ViewFILR012.品質異常合計,已建立,,
ViewFILR013,Home,2322,ViewFILR013.品質異常單位當月,已建立,,
ViewFILR014,Home,2323,ViewFILR014.品質異常個人當月,建立失敗,"syntax error at or near ""CONNECT""",
ViewFILR020,Home,2327,ViewFILR020.銷退處理記錄表.R03,已建立,,重複的資料表別名已改名
ViewFILR021,Home,2329,ViewFILR021.銷退處理表明細,已建立,,
ViewFILR030,Home,2330,ViewFILR030.特採申請單.R04,已建立,,重複的資料表別名已改名
ViewFILR031,Home,2328,ViewFILR031.銷退處理記錄表.R31,已建立,,
ViewFILR210,Home,2324,ViewFILR210.品質異常單主檔.R21,已建立,,
ViewFILR220,Home,2325,ViewFILR220.品質異常單主檔.R22,已建立,,重複的資料表別名已改名
ViewFILR230,Home,2326,ViewFILR230.品質異常單主檔.R23,已建立,,
ViewLog001,Home,2332,ViewLOG001.PLCLog,失敗,"解析失敗：Expecting ). Line 6, Col: 22.",
ViewOfA01,Home,2313,ViewOfA01,已建立,,
ViewOfAccNoteTemp,edb,109,Create ViewOfAccNoteTemp,已建立,,
ViewOfCal,edb,122,CreatListView,已建立,,
ViewOfDeptTree,Home,2351,Create ViewOfDeptTree,已建立,,
VIEWOFEMP,Home,2357,Create ViewOfEmp,已建立,,
ViewOfFlow,Home,2359,Create ViewOfFlow,已建立,,
ViewOfFlowDetail,Home,2345,Create ViewOfFlowDetail,已建立,,
ViewOfFlowType,Home,2361,Create ViewOfFlowType,已建立,,
ViewOfGPE,Home,2354,Create ViewOfGPE,已建立,,
ViewOfGroupDoc,Home,2344,Create ViewOfGroupDoc,已建立,,
ViewOfGroupDocID,Home,2347,Create ViewOfGroupDocID,已建立,,
ViewOfIMAlive,Home,2350,Create ViewOfIMAlive,已建立,,
ViewOfIMNotEnd,Home,2312,ViewOfIMNotEnd,已建立,,
ViewOfMsgNotRep,Home,2348,Create ViewOfMsgNotRep,已建立,,
ViewOfMsgRepList,Home,2362,Create ViewOfMsgRepList,已建立,,
ViewOfObj,Home,2342,Create ViewOfObj,已建立,,
ViewOfObjFlow,Home,1680,ViewOfObjFlow 單據簽核流程,失敗,轉換失敗：Outer join syntax using the (+) operator is not supported.,
ViewOfObjFlowSigned,Home,2363,Create ViewOfObjFlowSigned,失敗,轉換失敗：Outer join syntax using the (+) operator is not supported.,
ViewOfObjProperties,Home,2355,Create ViewOfObjProperties,已建立,,
ViewOfObjQueryID,Home,2346,Create ViewOfObjQueryID,已建立,,
ViewOfSubDept,Home,2352,Create ViewOfSubDept,已建立,,
ViewOfSysCode,Home,2343,Create ViewOfSysCode,已建立,,
ViewOfSysCode1,Home,2353,Create ViewOfSysCode1,已建立,,
ViewOfValidAssignee,Home,2360,Create ViewOfValidAssignee,已建立,,
ViewTemp01,Home,1082,    ..ViewTemp01(臨時),已建立,,
